cell_lat,cell_lon,richness,n_records
-52.5,-72.5,10,10
-52.5,-67.5,16,19
-52.5,167.5,2,2
-47.5,-72.5,8,8
-47.5,167.5,6,6
-47.5,172.5,12,13
-42.5,-72.5,14,15
-42.5,-67.5,1,1
-42.5,-62.5,5,5
-42.5,147.5,26,28
-42.5,167.5,18,18
-42.5,172.5,54,56
-42.5,177.5,9,9
-37.5,-72.5,44,47
-37.5,-67.5,4,4
-37.5,-62.5,18,18
-37.5,-57.5,20,21
-37.5,137.5,23,30
-37.5,142.5,59,88
-37.5,147.5,72,110
-37.5,152.5,12,12
-37.5,172.5,38,40
-37.5,177.5,33,33
-32.5,-72.5,67,71
-32.5,-67.5,7,7
-32.5,-62.5,47,51
-32.5,-57.5,96,110
-32.5,-52.5,10,10
-32.5,17.5,451,756
-32.5,22.5,224,302
-32.5,27.5,240,351
-32.5,32.5,57,64
-32.5,112.5,1,1
-32.5,117.5,17,41
-32.5,132.5,2,2
-32.5,137.5,28,36
-32.5,142.5,4,4
-32.5,147.5,10,19
-32.5,152.5,86,142
-27.5,-72.5,6,6
-27.5,-67.5,4,4
-27.5,-62.5,1,1
-27.5,-57.5,25,26
-27.5,-52.5,39,41
-27.5,-47.5,57,62
-27.5,17.5,17,20
-27.5,22.5,10,10
-27.5,27.5,373,556
-27.5,32.5,453,619
-27.5,47.5,2,2
-27.5,112.5,2,5
-27.5,117.5,1,1
-27.5,147.5,1,1
-27.5,152.5,125,158
-22.5,-67.5,10,10
-22.5,-62.5,3,3
-22.5,-57.5,1,1
-22.5,-52.5,6,6
-22.5,-47.5,64,69
-22.5,-42.5,56,58
-22.5,12.5,15,15
-22.5,17.5,67,112
-22.5,22.5,2,2
-22.5,27.5,113,122
-22.5,32.5,437,662
-22.5,42.5,3,3
-22.5,47.5,14,17
-22.5,57.5,53,63
-22.5,112.5,1,1
-22.5,147.5,5,17
-22.5,152.5,4,4
-22.5,162.5,2,2
-22.5,167.5,5,5
-17.5,-67.5,2,2
-17.5,-62.5,1,1
-17.5,-57.5,4,4
-17.5,-52.5,3,3
-17.5,-47.5,7,7
-17.5,-42.5,21,21
-17.5,-37.5,3,3
-17.5,12.5,3,3
-17.5,17.5,34,42
-17.5,22.5,22,24
-17.5,27.5,39,55
-17.5,32.5,7,9
-17.5,37.5,2,2
-17.5,47.5,2,2
-17.5,147.5,20,20
-12.5,-77.5,7,7
-12.5,-72.5,1,1
-12.5,-67.5,3,3
-12.5,-47.5,3,3
-12.5,-42.5,1,1
-12.5,-37.5,5,5
-12.5,22.5,3,3
-12.5,27.5,7,7
-12.5,32.5,2,2
-12.5,42.5,4,4
-12.5,47.5,1,1
-12.5,132.5,2,2
-7.5,-82.5,3,3
-7.5,-77.5,2,2
-7.5,-62.5,1,1
-7.5,-57.5,1,2
-7.5,-42.5,2,2
-7.5,-37.5,12,13
-7.5,-32.5,7,8
-7.5,37.5,15,25
-7.5,107.5,31,38
-7.5,112.5,50,62
-7.5,117.5,5,5
-2.5,-92.5,5,5
-2.5,-82.5,5,5
-2.5,-77.5,27,27
-2.5,-57.5,3,3
-2.5,-42.5,5,5
-2.5,-37.5,6,6
-2.5,27.5,15,16
-2.5,32.5,37,43
-2.5,37.5,135,196
-2.5,42.5,3,3
-2.5,57.5,3,3
-2.5,102.5,1,1
-2.5,117.5,6,6
-2.5,122.5,1,1
2.5,-77.5,11,11
2.5,-72.5,16,17
2.5,-52.5,12,13
2.5,7.5,12,12
2.5,12.5,2,2
2.5,32.5,14,16
2.5,37.5,2,2
2.5,72.5,12,12
2.5,97.5,10,11
2.5,102.5,289,445
2.5,112.5,13,13
2.5,117.5,8,8
7.5,-87.5,2,2
7.5,-82.5,31,31
7.5,-77.5,31,33
7.5,-72.5,7,7
7.5,-52.5,14,14
7.5,-2.5,10,10
7.5,2.5,7,7
7.5,32.5,1,1
7.5,37.5,5,18
7.5,72.5,2,2
7.5,77.5,31,33
7.5,82.5,44,47
7.5,97.5,25,28
7.5,102.5,42,48
7.5,117.5,16,17
7.5,122.5,8,9
12.5,-92.5,1,1
12.5,-87.5,2,2
12.5,-82.5,12,12
12.5,-77.5,1,1
12.5,-72.5,7,7
12.5,-67.5,17,18
12.5,-62.5,10,10
12.5,-17.5,18,18
12.5,-12.5,6,11
12.5,-2.5,9,9
12.5,17.5,7,27
12.5,72.5,9,9
12.5,77.5,118,144
12.5,82.5,37,41
12.5,92.5,11,11
12.5,97.5,23,23
12.5,102.5,84,99
12.5,107.5,28,30
12.5,117.5,5,7
12.5,122.5,21,23
17.5,-157.5,9,9
17.5,-102.5,4,4
17.5,-97.5,18,18
17.5,-92.5,1,1
17.5,-87.5,7,7
17.5,-82.5,1,1
17.5,-77.5,3,3
17.5,-67.5,2,2
17.5,-62.5,2,2
17.5,-27.5,1,1
17.5,-22.5,1,1
17.5,-12.5,1,1
17.5,72.5,80,90
17.5,77.5,27,33
17.5,82.5,13,15
17.5,97.5,23,25
17.5,102.5,21,21
17.5,107.5,26,37
17.5,112.5,6,6
17.5,122.5,8,8
22.5,-157.5,16,16
22.5,-112.5,1,1
22.5,-107.5,63,83
22.5,-102.5,7,7
22.5,-87.5,5,5
22.5,-82.5,3,3
22.5,-17.5,1,1
22.5,52.5,3,3
22.5,57.5,22,23
22.5,67.5,2,2
22.5,72.5,33,40
22.5,77.5,25,26
22.5,82.5,2,2
22.5,87.5,15,16
22.5,92.5,4,4
22.5,97.5,13,14
22.5,102.5,3,3
22.5,107.5,3,3
22.5,112.5,163,247
22.5,117.5,17,18
22.5,122.5,312,422
27.5,-112.5,1,1
27.5,-107.5,1,1
27.5,-102.5,5,5
27.5,-97.5,78,80
27.5,-92.5,1,1
27.5,-82.5,75,89
27.5,-77.5,1,1
27.5,-17.5,195,301
27.5,-12.5,33,38
27.5,32.5,41,56
27.5,37.5,24,430
27.5,47.5,1,1
27.5,52.5,4,5
27.5,57.5,7,7
27.5,62.5,3,3
27.5,72.5,1,1
27.5,77.5,12,14
27.5,82.5,14,19
27.5,87.5,7,7
27.5,92.5,14,14
27.5,97.5,1,1
27.5,102.5,5,6
27.5,107.5,4,4
27.5,117.5,31,32
27.5,122.5,170,224
27.5,127.5,10,10
32.5,-122.5,1,1
32.5,-117.5,83,90
32.5,-112.5,28,30
32.5,-107.5,1,1
32.5,-102.5,1,1
32.5,-97.5,46,53
32.5,-92.5,10,10
32.5,-87.5,18,18
32.5,-82.5,16,18
32.5,-77.5,1,1
32.5,-17.5,24,30
32.5,-7.5,41,53
32.5,-2.5,35,39
32.5,22.5,1,1
32.5,27.5,1,4
32.5,32.5,152,273
32.5,37.5,128,225
32.5,47.5,1,1
32.5,72.5,10,10
32.5,77.5,9,9
32.5,102.5,13,15
32.5,107.5,4,4
32.5,112.5,21,23
32.5,117.5,16,19
32.5,122.5,40,70
32.5,132.5,10,10
32.5,137.5,8,9
37.5,-122.5,87,108
37.5,-117.5,4,4
37.5,-112.5,3,3
37.5,-107.5,6,6
37.5,-102.5,2,2
37.5,-97.5,5,5
37.5,-92.5,9,9
37.5,-87.5,6,6
37.5,-82.5,9,9
37.5,-77.5,25,28
37.5,-72.5,1,1
37.5,-7.5,9,11
37.5,-2.5,23,31
37.5,2.5,35,45
37.5,7.5,26,28
37.5,12.5,1,1
37.5,17.5,1,1
37.5,27.5,9,9
37.5,32.5,22,26
37.5,37.5,2,2
37.5,42.5,1,1
37.5,52.5,5,7
37.5,112.5,4,5
37.5,117.5,39,60
37.5,122.5,11,11
37.5,127.5,45,66
37.5,137.5,92,169
37.5,142.5,9,11
42.5,-122.5,10,12
42.5,-112.5,6,6
42.5,-107.5,2,2
42.5,-102.5,2,2
42.5,-92.5,3,3
42.5,-87.5,5,6
42.5,-82.5,6,6
42.5,-77.5,16,22
42.5,-72.5,31,40
42.5,-62.5,3,3
42.5,27.5,7,9
42.5,37.5,57,176
42.5,42.5,8,8
42.5,47.5,66,193
42.5,67.5,6,6
42.5,72.5,3,3
42.5,77.5,15,17
42.5,112.5,1,1
42.5,117.5,37,50
42.5,142.5,11,13
42.5,147.5,1,1
47.5,-127.5,2,2
47.5,-122.5,53,62
47.5,-117.5,1,1
47.5,-112.5,2,3
47.5,-107.5,1,1
47.5,-97.5,1,1
47.5,-77.5,1,1
47.5,-72.5,3,3
47.5,-62.5,1,1
47.5,2.5,1,1
47.5,7.5,1,1
47.5,37.5,38,115
52.5,-122.5,1,1
52.5,-117.5,1,1
52.5,-112.5,3,3
52.5,-7.5,1,1
52.5,2.5,136,557
52.5,7.5,33,53
52.5,37.5,14,19
52.5,42.5,11,11
52.5,72.5,4,4
52.5,77.5,4,4
52.5,82.5,36,69
52.5,87.5,39,84
52.5,102.5,1,1
52.5,117.5,23,27
57.5,7.5,45,103
57.5,12.5,52,136
57.5,17.5,9,15
57.5,22.5,4,4
57.5,32.5,31,72
57.5,37.5,76,1757
57.5,42.5,36,105
57.5,57.5,9,9
57.5,62.5,37,120
57.5,67.5,20,38
57.5,72.5,11,20
57.5,82.5,24,43
57.5,87.5,29,59
57.5,92.5,12,16
62.5,-147.5,1,1
62.5,-112.5,1,1
62.5,7.5,36,113
62.5,12.5,18,29
62.5,17.5,26,26
62.5,22.5,114,967
62.5,27.5,141,419
62.5,32.5,8,30
62.5,47.5,13,17
62.5,57.5,4,4
62.5,67.5,5,7
62.5,77.5,1,1
67.5,12.5,13,23
67.5,17.5,2,5
67.5,22.5,12,12
67.5,27.5,26,39
67.5,32.5,4,4
72.5,22.5,1,1
72.5,27.5,2,2
