cell_lat,cell_lon,wc_present,wc_holocene,wc_lgm,wc_lgm_change,wc_holo_change,wc_instability
-52.5,-72.5,6.0200000000000005,5.2,-3.81,9.83,0.82,5.454386656240521
-52.5,-67.5,4.157894736842105,3.4368421052631577,-6.478947368421053,10.636842105263158,0.7210526315789474,5.944019817165883
-52.5,167.5,7.6,7.1,4.7,2.8999999999999995,0.5,1.5502687938977977
-47.5,-72.5,4.9875,4.15,-3.1125,8.1,0.8374999999999999,4.455159985694224
-47.5,167.5,8.566666666666666,7.883333333333333,4.983333333333333,3.5833333333333335,0.6833333333333331,1.9027318175379768
-47.5,172.5,10.238461538461538,9.63076923076923,7.123076923076923,3.1153846153846154,0.6076923076923079,1.6516758469061845
-42.5,-72.5,9.639999999999999,8.9,4.12,5.52,0.7400000000000001,2.99822823775248
-42.5,-67.5,15.3,14.9,12.5,2.8000000000000007,0.40000000000000036,1.5143755588800734
-42.5,-62.5,13.9,13.4,11.6,2.3000000000000007,0.5,1.2096831541082707
-42.5,147.5,11.142857142857142,10.517857142857142,7.1,4.042857142857143,0.6249999999999998,2.176670468231029
-42.5,167.5,7.522222222222222,6.866666666666666,3.7944444444444443,3.7277777777777783,0.6555555555555554,1.9905414387105802
-42.5,172.5,11.012500000000001,10.357142857142858,7.471428571428571,3.5410714285714286,0.6553571428571431,1.8847115281645421
-42.5,177.5,12.2,11.577777777777776,8.744444444444445,3.455555555555556,0.622222222222223,1.842752708781032
-37.5,-72.5,10.01276595744681,9.33404255319149,5.793617021276596,4.219148936170213,0.678723404255319,2.2661070027051893
-37.5,-67.5,14.5,14.100000000000001,11.600000000000001,2.899999999999999,0.399999999999999,1.5716233645501707
-37.5,-62.5,14.805555555555555,14.427777777777777,12.494444444444445,2.3111111111111113,0.377777777777778,1.2404263519782024
-37.5,-57.5,14.838095238095239,14.166666666666666,11.485714285714286,3.3523809523809525,0.6714285714285716,1.7759978596743595
-37.5,137.5,15.116666666666667,14.486666666666668,12.01,3.106666666666667,0.6299999999999997,1.6427218803058563
-37.5,142.5,13.864772727272726,13.193181818181818,10.301136363636363,3.563636363636364,0.6715909090909091,1.8940821189134731
-37.5,147.5,13.440000000000001,12.785454545454547,9.846363636363636,3.5936363636363637,0.6545454545454547,1.9145765369969248
-37.5,152.5,15.933333333333332,15.433333333333332,11.725,4.208333333333333,0.5000000000000001,2.2991478955004796
-37.5,172.5,14.6125,13.98,11.584999999999999,3.0275,0.6325000000000001,1.597391053510156
-37.5,177.5,12.309090909090909,11.651515151515152,8.833333333333334,3.475757575757576,0.6575757575757575,1.8472453230752592
-32.5,-72.5,13.847887323943661,13.05774647887324,10.097183098591549,3.750704225352113,0.7901408450704226,1.9784715551564278
-32.5,-67.5,14.72857142857143,14.471428571428572,11.742857142857144,2.985714285714286,0.25714285714285773,1.6567520967056626
-32.5,-62.5,17.113725490196078,16.962745098039214,14.029411764705882,3.0843137254901962,0.150980392156864,1.7391215498860817
-32.5,-57.5,16.72,16.232727272727274,13.410909090909092,3.309090909090909,0.4872727272727269,1.7867590017329036
-32.5,-52.5,17.79,17.1,13.2,4.590000000000001,0.6899999999999998,2.4755312008878336
-32.5,17.5,16.114285714285714,15.425396825396826,12.95026455026455,3.164021164021164,0.6888888888888889,1.6641397831033542
-32.5,22.5,16.003973509933775,15.217880794701987,12.69503311258278,3.3089403973509937,0.7860927152317881,1.7295798399455613
-32.5,27.5,16.482905982905983,15.680341880341881,12.646153846153847,3.836752136752137,0.8025641025641028,2.0249632023804267
-32.5,32.5,19.400000000000002,18.625,16.1390625,3.2609375000000003,0.7750000000000002,1.7038270339788264
-32.5,112.5,16.7,16.1,14.2,2.5,0.5999999999999979,1.3051181300301267
-32.5,117.5,17.9390243902439,17.29268292682927,14.829268292682928,3.109756097560976,0.6463414634146355,1.6413436710971387
-32.5,132.5,17.1,16.5,14.75,2.3499999999999996,0.5999999999999996,1.221518619875003
-32.5,137.5,16.08888888888889,15.42222222222222,12.794444444444444,3.294444444444444,0.6666666666666665,1.7421164485465799
-32.5,142.5,16.85,16.3,13.275,3.5749999999999997,0.5499999999999998,1.9254787156656437
-32.5,147.5,13.963157894736844,13.38421052631579,10.34736842105263,3.615789473684211,0.5789473684210525,1.9423537454767366
-32.5,152.5,16.66267605633803,16.093661971830986,12.199295774647887,4.463380281690141,0.5690140845070425,2.429937404041758
-27.5,-72.5,14.383333333333333,13.600000000000001,11.016666666666666,3.366666666666667,0.7833333333333327,1.7617937598514197
-27.5,-67.5,18.45,17.85,15.475000000000001,2.9749999999999996,0.6000000000000005,1.5733252937417088
-27.5,-62.5,19.1,18.5,15.9,3.200000000000001,0.6000000000000014,1.7009801096230768
-27.5,-57.5,21.165384615384614,20.51923076923077,17.21923076923077,3.9461538461538472,0.6461538461538464,2.117080081273452
-27.5,-52.5,18.836585365853658,18.163414634146342,15.08780487804878,3.748780487804878,0.6731707317073169,1.9989239647826058
-27.5,-47.5,19.08225806451613,18.38064516129032,14.619354838709677,4.462903225806452,0.7016129032258069,2.400433163278911
-27.5,17.5,16.06,15.235,12.345,3.715,0.8249999999999996,1.951593610595778
-27.5,22.5,18.4,17.31,13.9,4.5,1.0900000000000003,2.347816968896399
-27.5,27.5,15.335251798561151,14.383453237410071,11.771942446043164,3.5633093525179858,0.951798561151079,1.8468539631544119
-27.5,32.5,20.38449111470113,19.58384491114701,16.79935379644588,3.58513731825525,0.8006462035541198,1.883760920236077
-27.5,47.5,22.9,22.1,20.0,2.8999999999999986,0.7999999999999972,1.4977761292440643
-27.5,112.5,19.5,18.979999999999997,16.580000000000002,2.919999999999999,0.5199999999999996,1.5577051924459888
-27.5,117.5,20.1,19.6,17.2,2.900000000000002,0.5,1.5502687938977993
-27.5,147.5,20.4,19.9,16.5,3.8999999999999986,0.5,2.1221058723196
-27.5,152.5,19.3373417721519,18.752531645569622,16.070253164556963,3.2670886075949364,0.584810126582278,1.7422869990163647
-22.5,-67.5,15.690000000000001,14.99,12.07,3.6199999999999997,0.6999999999999994,1.9201140804280157
-22.5,-62.5,18.933333333333334,18.233333333333334,15.266666666666666,3.6666666666666674,0.6999999999999993,1.946608190125847
-22.5,-57.5,23.2,22.6,18.7,4.5,0.5999999999999979,2.443358344574124
-22.5,-52.5,20.766666666666666,20.099999999999998,16.866666666666667,3.9000000000000004,0.6666666666666666,2.0868122815495114
-22.5,-47.5,19.28695652173913,18.54492753623188,15.655072463768116,3.6318840579710145,0.7420289855072462,1.9208364320162865
-22.5,-42.5,21.613793103448273,20.867241379310343,18.53448275862069,3.079310344827586,0.7465517241379314,1.611342945564082
-22.5,12.5,17.186666666666667,16.28666666666667,13.286666666666667,3.9,0.8999999999999999,2.042492695564284
-22.5,17.5,18.75357142857143,17.65357142857143,14.320535714285715,4.433035714285714,1.0999999999999994,2.3112072112731736
-22.5,22.5,22.3,21.8,18.2,4.100000000000001,0.5,2.2368132093076833
-22.5,27.5,18.51065573770492,17.715573770491805,14.936065573770492,3.5745901639344266,0.7950819672131149,1.8781464670381063
-22.5,32.5,20.740332326283987,19.829456193353476,17.335045317220544,3.405287009063444,0.9108761329305137,1.7634624249215611
-22.5,42.5,24.2,23.5,21.2,3.0,0.6999999999999993,1.5695009822658073
-22.5,47.5,17.88235294117647,17.158823529411762,14.423529411764706,3.458823529411763,0.7235294117647055,1.825160931135603
-22.5,57.5,22.23333333333333,21.644444444444446,20.214285714285715,2.019047619047618,0.5888888888888872,1.0391200776104077
-22.5,112.5,24.0,23.5,21.9,2.1000000000000014,0.5,1.0969655114602896
-22.5,147.5,22.723529411764705,22.08823529411765,19.51764705882353,3.205882352941177,0.6352941176470601,1.6975215615990562
-22.5,152.5,22.333333333333332,21.7,18.333333333333332,4.000000000000001,0.6333333333333329,2.150256157393623
-22.5,162.5,22.9,22.4,20.55,2.3499999999999996,0.5,1.2380659574996873
-22.5,167.5,22.619999999999997,22.119999999999997,20.1,2.5199999999999996,0.5,1.334223218913501
-17.5,-67.5,12.75,12.0,8.7,4.05,0.75,2.154679923828562
-17.5,-62.5,24.0,23.3,19.8,4.199999999999999,0.6999999999999993,2.250185177565023
-17.5,-57.5,26.0,25.2,22.05,3.9499999999999993,0.8000000000000007,2.0882681614578606
-17.5,-52.5,24.2,23.399999999999995,20.1,4.099999999999998,0.8000000000000007,2.1733231083604037
-17.5,-47.5,21.614285714285717,20.985714285714288,17.74285714285714,3.8714285714285723,0.6285714285714273,2.077698166175286
-17.5,-42.5,22.51904761904762,21.6,19.523809523809526,2.9952380952380944,0.9190476190476186,1.5403646077567559
-17.5,-37.5,23.8,22.96666666666667,21.233333333333334,2.5666666666666678,0.8333333333333334,1.310137817872766
-17.5,12.5,21.266666666666666,20.400000000000002,16.966666666666665,4.300000000000001,0.8666666666666671,2.274337458446355
-17.5,17.5,22.38809523809524,21.571428571428573,17.81190476190476,4.576190476190478,0.8166666666666674,2.4408895776171886
-17.5,22.5,22.245833333333334,21.745833333333334,18.083333333333332,4.1625,0.5,2.2726795788329373
-17.5,27.5,22.476363636363637,22.010909090909088,18.823636363636364,3.6527272727272724,0.465454545454545,1.9889166723419438
-17.5,32.5,18.922222222222224,18.51111111111111,14.97777777777778,3.9444444444444446,0.4111111111111114,2.1691344470211225
-17.5,37.5,24.9,24.2,21.2,3.6999999999999993,0.6999999999999993,1.9655363983740755
-17.5,47.5,18.65,18.0,15.100000000000001,3.55,0.6500000000000004,1.8901072123701814
-17.5,147.5,23.285,22.669999999999998,19.675,3.6100000000000003,0.6149999999999999,1.9315929999748125
-12.5,-77.5,16.714285714285715,15.928571428571429,13.242857142857144,3.471428571428571,0.7857142857142864,1.821419282990764
-12.5,-72.5,23.1,22.4,19.3,3.8000000000000007,0.7000000000000028,2.0223748416156684
-12.5,-67.5,25.7,24.96666666666667,21.766666666666666,3.9333333333333336,0.7333333333333343,2.092669746197721
-12.5,-47.5,23.100000000000005,22.5,19.133333333333336,3.9666666666666672,0.6000000000000014,2.138105749987861
-12.5,-42.5,20.2,19.5,16.9,3.3000000000000007,0.6999999999999993,1.7387735140993306
-12.5,-37.5,24.66,23.880000000000003,21.82,2.8399999999999985,0.7799999999999997,1.4673277962196338
-12.5,22.5,22.0,21.399999999999995,18.1,3.8999999999999986,0.6000000000000014,2.0999999999999988
-12.5,27.5,20.485714285714288,20.042857142857144,16.62857142857143,3.8571428571428577,0.44285714285714256,2.113242792935443
-12.5,32.5,22.15,21.75,18.4,3.75,0.40000000000000036,2.0593302782589236
-12.5,42.5,22.2,21.6,20.3,1.8999999999999986,0.5999999999999979,0.9712534856222306
-12.5,47.5,25.3,24.7,23.3,2.0,0.6000000000000014,1.0263202878893767
-12.5,132.5,27.4,26.8,24.15,3.2499999999999982,0.5999999999999979,1.729409846373885
-7.5,-82.5,22.600000000000005,21.5,19.8,2.8000000000000007,1.1000000000000014,1.4106735979665885
-7.5,-77.5,24.15,23.5,20.75,3.4000000000000004,0.6500000000000004,1.8049327504349542
-7.5,-62.5,25.5,24.7,21.8,3.6999999999999993,0.8000000000000007,1.946792233393178
-7.5,-57.5,25.4,24.7,21.7,3.6999999999999993,0.6999999999999993,1.9655363983740755
-7.5,-42.5,27.5,26.7,24.0,3.5,0.8000000000000007,1.8339392937971892
-7.5,-37.5,25.076923076923077,24.284615384615385,21.653846153846153,3.423076923076923,0.7923076923076926,1.7928030168107258
-7.5,-32.5,25.485714285714288,24.62857142857143,21.75714285714286,3.728571428571428,0.8571428571428577,1.9529790294072615
-7.5,37.5,25.99090909090909,24.84090909090909,23.586363636363636,2.4045454545454543,1.1500000000000004,1.208197326320059
-7.5,107.5,26.78918918918919,26.089189189189188,22.82162162162162,3.967567567567568,0.7000000000000004,2.1178481849384516
-7.5,112.5,25.485483870967744,24.85,22.216129032258067,3.269354838709678,0.6354838709677425,1.7340013489668809
-7.5,117.5,25.380000000000003,24.759999999999998,22.580000000000002,2.8000000000000016,0.620000000000001,1.470766939468421
-2.5,-92.5,23.240000000000002,22.68,20.580000000000002,2.66,0.5599999999999994,1.4028072152190876
-2.5,-82.5,24.759999999999998,23.8,21.419999999999998,3.34,0.9599999999999987,1.7199191019870568
-2.5,-77.5,15.622222222222222,14.844444444444445,11.85925925925926,3.7629629629629626,0.7777777777777777,1.98697868647718
-2.5,-57.5,27.433333333333334,26.733333333333334,23.833333333333332,3.599999999999999,0.6999999999999993,1.9087517736293875
-2.5,-42.5,26.439999999999998,25.619999999999997,23.14,3.3000000000000007,0.8200000000000003,1.7186034804763832
-2.5,-37.5,26.400000000000002,25.599999999999998,23.7,2.700000000000001,0.8000000000000007,1.3872453313622184
-2.5,27.5,21.4,20.54375,17.40625,3.9937500000000004,0.8562500000000003,2.1028521885151905
-2.5,32.5,20.865116279069767,19.846511627906978,17.68139534883721,3.183720930232559,1.0186046511627904,1.6270748053732729
-2.5,37.5,20.533163265306122,19.446938775510205,17.554081632653062,2.979081632653061,1.0862244897959183,1.5107602005502563
-2.5,42.5,26.0,25.166666666666668,24.099999999999998,1.8999999999999997,0.8333333333333334,0.9545930791834681
-2.5,57.5,25.7,25.03333333333333,23.666666666666668,2.0333333333333337,0.6666666666666679,1.0368257021849872
-2.5,102.5,26.9,26.2,22.7,4.199999999999999,0.6999999999999993,2.2501851775650223
-2.5,117.5,25.3,24.599999999999998,22.266666666666666,3.0333333333333328,0.6999999999999993,1.5885585226773025
-2.5,122.5,19.2,18.5,16.1,3.099999999999998,0.6999999999999993,1.6258331197676255
2.5,-77.5,18.10909090909091,17.254545454545454,14.30909090909091,3.8000000000000003,0.8545454545454544,1.9938148169024033
2.5,-72.5,19.929411764705883,19.052941176470586,16.323529411764707,3.6058823529411765,0.8764705882352941,1.8806809131587874
2.5,-52.5,25.99230769230769,25.515384615384615,22.776923076923076,3.2153846153846164,0.47692307692307767,1.7369963509288953
2.5,7.5,21.575,20.8,19.01666666666667,2.558333333333333,0.7750000000000009,1.3122440695605746
2.5,12.5,24.1,23.2,20.65,3.450000000000001,0.9000000000000021,1.78956774279596
2.5,32.5,21.23125,19.325,18.10625,3.125000000000001,1.906250000000001,1.5953583271261311
2.5,37.5,19.3,17.8,16.0,3.3000000000000007,1.5,1.652271164185831
2.5,72.5,27.7,26.919999999999998,25.48,2.2199999999999998,0.7800000000000005,1.1263995692312139
2.5,97.5,24.1,23.281818181818178,20.727272727272727,3.372727272727272,0.8181818181818188,1.7595601043562412
2.5,102.5,26.761797752808988,25.976404494382024,22.176853932584272,4.584943820224718,0.7853932584269648,2.452374942054582
2.5,112.5,26.36923076923077,25.661538461538463,22.50769230769231,3.8615384615384616,0.7076923076923071,2.0560340637693297
7.5,-87.5,25.8,25.1,22.9,2.900000000000002,0.6999999999999993,1.513274595042157
7.5,-82.5,24.009677419354837,23.390322580645158,20.65483870967742,3.354838709677419,0.6193548387096788,1.7853814246870547
7.5,-77.5,21.37272727272727,20.584848484848482,17.833333333333332,3.539393939393939,0.7878787878787878,1.8584805876447288
7.5,-72.5,20.771428571428572,19.585714285714285,17.02857142857143,3.742857142857143,1.1857142857142862,1.919526395111466
7.5,-52.5,25.92142857142857,25.464285714285715,22.842857142857145,3.078571428571429,0.4571428571428581,1.6614099572037637
7.5,-2.5,26.589999999999996,25.509999999999998,23.259999999999998,3.3299999999999996,1.0799999999999996,1.6990442751248693
7.5,2.5,27.0,26.0,23.642857142857142,3.3571428571428568,1.0,1.7237515047625942
7.5,32.5,27.6,25.5,24.3,3.3000000000000007,2.1000000000000014,1.670329308849007
7.5,37.5,17.266666666666666,15.733333333333333,13.905555555555557,3.361111111111112,1.5333333333333345,1.6835667369349105
7.5,72.5,27.3,26.5,25.1,2.1999999999999993,0.8000000000000007,1.113552872566004
7.5,77.5,26.733333333333334,25.87878787878788,23.736363636363635,2.996969696969697,0.8545454545454548,1.544577912332482
7.5,82.5,25.506382978723405,24.631914893617022,22.576595744680848,2.929787234042553,0.8744680851063825,1.5042719489717058
7.5,97.5,26.92142857142857,26.053571428571427,23.47142857142857,3.4499999999999997,0.8678571428571429,1.7969898664436332
7.5,102.5,26.71875,25.854166666666668,22.616666666666664,4.102083333333334,0.8645833333333334,2.1626905262463763
7.5,117.5,25.71764705882353,25.01764705882353,22.147058823529413,3.570588235294117,0.6999999999999995,1.8923713351075373
7.5,122.5,26.755555555555556,26.055555555555557,23.544444444444444,3.2111111111111117,0.7000000000000005,1.6898359492904058
12.5,-92.5,17.1,15.6,13.7,3.400000000000002,1.5000000000000018,1.7039170558842753
12.5,-87.5,24.55,23.799999999999997,21.15,3.4000000000000004,0.7500000000000018,1.7863564039482598
12.5,-82.5,23.733333333333334,23.099999999999998,20.35,3.383333333333333,0.6333333333333341,1.7989500412461084
12.5,-77.5,27.5,26.7,24.3,3.1999999999999993,0.8000000000000007,1.6653327995729057
12.5,-72.5,26.47142857142857,25.914285714285715,24.685714285714287,1.7857142857142863,0.5571428571428569,0.9170637240177719
12.5,-67.5,26.883333333333336,26.37222222222222,24.594444444444445,2.2888888888888896,0.5111111111111113,1.2027435621770832
12.5,-62.5,25.839999999999996,25.310000000000002,23.51,2.329999999999999,0.5299999999999994,1.221861080841614
12.5,-17.5,26.427777777777777,25.283333333333335,24.461111111111112,1.9666666666666661,1.144444444444444,0.9950289116945543
12.5,-12.5,27.46363636363636,25.472727272727273,23.545454545454547,3.918181818181817,1.9909090909090912,1.959451371631674
12.5,-2.5,28.188888888888886,25.98888888888889,24.8,3.3888888888888875,2.1999999999999997,1.7194403024022078
12.5,17.5,28.14444444444445,25.83703703703704,25.35185185185185,2.792592592592593,2.307407407407408,1.4923218898170356
12.5,72.5,27.06666666666667,26.033333333333335,23.68888888888889,3.377777777777778,1.0333333333333339,1.730844677295386
12.5,77.5,25.913888888888888,24.824305555555554,22.594444444444445,3.319444444444444,1.0895833333333327,1.6933133264163627
12.5,82.5,28.50487804878049,27.436585365853656,25.797560975609755,2.707317073170732,1.0682926829268302,1.3639085226391592
12.5,92.5,26.6,25.627272727272725,24.88181818181818,1.7181818181818185,0.9727272727272727,0.8619064702132448
12.5,97.5,26.277272727272727,25.318181818181817,23.086363636363636,3.190909090909091,0.9590909090909094,1.638357737062168
12.5,102.5,27.539795918367346,26.383673469387755,24.11530612244898,3.424489795918367,1.1561224489795916,1.743757452655269
12.5,107.5,24.44333333333333,23.62,20.326666666666664,4.116666666666667,0.8233333333333336,2.1786867274912
12.5,117.5,26.785714285714285,26.17142857142857,23.814285714285713,2.97142857142857,0.6142857142857129,1.5691413662583957
12.5,122.5,26.743478260869566,26.004347826086956,23.46521739130435,3.2782608695652176,0.7391304347826085,1.719853848327588
17.5,-157.5,17.444444444444443,16.77777777777778,15.211111111111112,2.233333333333332,0.6666666666666655,1.148045286270408
17.5,-102.5,24.025000000000002,23.15,20.775000000000002,3.25,0.8750000000000013,1.682645683407645
17.5,-97.5,18.23888888888889,17.38888888888889,14.316666666666666,3.9222222222222225,0.8500000000000003,2.0648731534666287
17.5,-92.5,24.6,23.3,20.3,4.300000000000001,1.3000000000000007,2.2052966542697456
17.5,-87.5,26.25714285714286,25.614285714285717,23.37142857142857,2.8857142857142866,0.6428571428571443,1.5155668992169302
17.5,-82.5,26.5,26.0,23.5,3.0,0.5,1.607275126832159
17.5,-77.5,23.733333333333334,23.133333333333336,21.566666666666663,2.166666666666668,0.6000000000000002,1.1218018883940644
17.5,-67.5,25.9,25.4,23.6,2.3000000000000007,0.5,1.2096831541082707
17.5,-62.5,25.15,24.65,22.6,2.5500000000000007,0.5,1.3512445639853108
17.5,-27.5,22.3,21.8,19.8,2.5,0.5,1.3228756555322954
17.5,-22.5,22.7,22.2,21.0,1.6999999999999993,0.5,0.87368949480541
17.5,-12.5,27.7,25.9,23.9,3.8000000000000007,1.8000000000000007,1.900876990584434
17.5,72.5,26.30888888888889,24.955555555555556,23.02111111111111,3.2877777777777775,1.353333333333334,1.6535768018987385
17.5,77.5,26.430303030303033,24.772727272727273,22.663636363636368,3.7666666666666653,1.657575757575758,1.8886500258629317
17.5,82.5,27.053333333333335,25.720000000000002,23.673333333333336,3.3800000000000003,1.3333333333333348,1.7044903771411815
17.5,97.5,23.364,21.96,19.74,3.6240000000000006,1.4039999999999992,1.827328030927466
17.5,102.5,26.06190476190476,24.704761904761902,22.61904761904762,3.4428571428571426,1.357142857142857,1.734556121700992
17.5,107.5,24.12162162162162,23.181081081081082,20.905405405405407,3.2162162162162162,0.9405405405405405,1.6568263161568315
17.5,112.5,24.733333333333334,23.75,21.25,3.483333333333333,0.9833333333333331,1.797175573312006
17.5,122.5,25.1125,24.2875,21.4625,3.6500000000000004,0.8249999999999997,1.9143416380700808
22.5,-157.5,21.72666666666667,20.953333333333333,20.040000000000003,1.6866666666666672,0.7733333333333332,0.8833521819923256
22.5,-112.5,23.4,22.5,21.0,2.3999999999999986,0.8999999999999986,1.2124355652982135
22.5,-107.5,24.8277108433735,24.00722891566265,22.198795180722893,2.628915662650602,0.8204819277108439,1.3453363325221184
22.5,-102.5,18.728571428571428,17.742857142857144,14.9,3.828571428571429,0.985714285714286,1.9879878011277003
22.5,-87.5,25.9,25.3,22.779999999999998,3.120000000000002,0.6,1.6558206534196676
22.5,-82.5,24.600000000000005,24.133333333333336,21.5,3.1000000000000014,0.4666666666666674,1.671687884272415
22.5,-17.5,21.2,20.1,19.6,1.5999999999999979,1.0999999999999979,0.8185352771872438
22.5,52.5,27.066666666666666,26.100000000000005,23.433333333333334,3.633333333333335,0.9666666666666662,1.8818249031167464
22.5,57.5,24.960869565217394,23.63913043478261,21.795652173913044,3.1652173913043478,1.321739130434782,1.6198802702839044
22.5,67.5,26.0,24.299999999999997,23.049999999999997,2.950000000000001,1.700000000000001,1.4808020395729309
22.5,72.5,27.439999999999998,25.38,24.5425,2.8975,2.0600000000000005,1.495649456349104
22.5,77.5,26.784615384615385,24.91923076923077,23.25,3.534615384615385,1.8653846153846154,1.7699004724836374
22.5,82.5,24.4,22.5,20.6,3.799999999999997,1.8999999999999986,1.8999999999999986
22.5,87.5,26.2375,24.40625,22.55,3.6875,1.8312500000000005,1.8515560850974144
22.5,92.5,24.15,22.65,20.7,3.45,1.5,1.7314603248347655
22.5,97.5,20.671428571428574,19.228571428571428,17.07857142857143,3.592857142857143,1.4428571428571444,1.808134809255143
22.5,102.5,21.0,19.833333333333332,17.533333333333335,3.4666666666666663,1.1666666666666667,1.7644945962123035
22.5,107.5,24.066666666666666,22.933333333333334,21.0,3.0666666666666664,1.133333333333334,1.5515408946480302
22.5,112.5,22.265182186234817,21.127125506072872,18.3417004048583,3.923481781376518,1.1380566801619438,2.019160766482192
22.5,117.5,21.62222222222222,20.538888888888888,16.23888888888889,5.383333333333334,1.0833333333333335,2.8476841974348543
22.5,122.5,21.090476190476192,20.023809523809526,16.336904761904762,4.753571428571429,1.066666666666667,2.495790313123635
27.5,-112.5,20.1,19.0,15.3,4.800000000000001,1.1000000000000014,2.5146238950056397
27.5,-107.5,17.7,16.5,12.6,5.1,1.1999999999999993,2.6664583251946765
27.5,-102.5,19.740000000000002,18.44,14.24,5.500000000000001,1.3000000000000007,2.879936971137
27.5,-97.5,22.29375,21.45125,14.376249999999999,7.9174999999999995,0.8424999999999991,4.348861154750027
27.5,-92.5,20.0,19.6,11.8,8.2,0.3999999999999986,4.623130252689549
27.5,-82.5,22.662921348314608,22.259550561797752,17.894382022471913,4.7685393258426965,0.40337078651685393,2.6451073046586693
27.5,-77.5,24.7,24.3,21.8,2.8999999999999986,0.3999999999999986,1.5716233645501705
27.5,-17.5,16.845454545454547,16.25387205387205,14.836026936026936,2.009427609427609,0.5915824915824914,1.036083402992718
27.5,-12.5,19.026315789473685,18.373684210526317,16.573684210526316,2.452631578947367,0.6526315789473683,1.270634459731803
27.5,32.5,22.29818181818182,21.754545454545454,17.614545454545453,4.683636363636363,0.5436363636363634,2.563479878267391
27.5,37.5,21.213023255813955,20.813953488372093,16.41395348837209,4.799069767441861,0.39906976744185907,2.6630325640012806
27.5,47.5,24.7,23.7,19.5,5.199999999999999,1.0,2.7592269448766498
27.5,52.5,26.939999999999998,26.0,23.14,3.7999999999999985,0.9399999999999984,1.9794136270080667
27.5,57.5,26.099999999999998,25.142857142857142,23.571428571428573,2.5285714285714285,0.9571428571428571,1.2786138801664066
27.5,62.5,26.0,24.600000000000005,22.899999999999995,3.1000000000000014,1.3999999999999986,1.5524174696260031
27.5,72.5,26.0,23.9,22.8,3.1999999999999993,2.1000000000000014,1.6258331197676263
27.5,77.5,25.092857142857145,22.97142857142857,21.485714285714288,3.6071428571428585,2.1214285714285723,1.8133122311189906
27.5,82.5,25.784210526315793,23.352631578947367,21.910526315789472,3.873684210526317,2.431578947368421,1.9593794771533448
27.5,87.5,19.685714285714287,17.942857142857143,15.714285714285714,3.9714285714285715,1.7428571428571427,2.0126297867621585
27.5,92.5,17.82857142857143,16.657142857142855,14.200000000000001,3.628571428571429,1.171428571428572,1.8522130687810174
27.5,97.5,22.7,21.5,19.2,3.5,1.1999999999999993,1.77857620959388
27.5,102.5,15.049999999999999,14.033333333333333,11.299999999999999,3.7500000000000004,1.0166666666666666,1.9413987115928621
27.5,107.5,17.975,17.05,14.35,3.6249999999999996,0.9249999999999994,1.8836999586164003
27.5,117.5,17.4,16.2125,12.51875,4.88125,1.1875000000000004,2.545877400656992
27.5,122.5,20.912499999999998,19.809375,15.803571428571429,5.108928571428571,1.1031250000000008,2.6886796942190747
27.5,127.5,22.03,21.0,18.16,3.870000000000002,1.03,2.0044738784768588
32.5,-122.5,14.1,13.3,9.5,4.6,0.7999999999999989,2.4576411454889016
32.5,-117.5,17.092134831460676,16.26067415730337,12.004494382022473,5.087640449438203,0.8314606741573037,2.7301381253110666
32.5,-112.5,18.470000000000002,17.60666666666667,11.923333333333334,6.546666666666667,0.8633333333333333,3.557253213534364
32.5,-107.5,9.0,8.2,1.3,7.7,0.8000000000000007,4.23359579238894
32.5,-102.5,18.8,17.9,10.8,8.0,0.9000000000000021,4.382160806421112
32.5,-97.5,18.756603773584906,18.154716981132076,7.973584905660378,10.783018867924529,0.6018867924528303,6.060318855145755
32.5,-92.5,17.8,17.35,7.57,10.23,0.4499999999999996,5.7812726001046135
32.5,-87.5,18.977777777777778,18.52777777777778,11.272222222222222,7.705555555555557,0.4500000000000003,4.3249105980045055
32.5,-82.5,18.455555555555556,17.961111111111112,11.35,7.105555555555557,0.4944444444444446,3.9674747206270333
32.5,-77.5,18.7,18.2,12.1,6.6,0.5,3.674688195389281
32.5,-17.5,16.303333333333335,15.803333333333335,14.013333333333332,2.29,0.5000000000000002,1.2048048443857509
32.5,-7.5,17.554716981132074,16.730188679245284,13.750943396226415,3.8037735849056604,0.8245283018867922,2.0033709002009523
32.5,-2.5,18.856410256410257,18.012820512820515,13.997435897435897,4.858974358974359,0.8435897435897436,2.5965789401450396
32.5,22.5,17.7,17.5,14.5,3.1999999999999993,0.1999999999999993,1.7925772879665
32.5,27.5,20.5,20.2,16.8,3.6999999999999993,0.3000000000000007,2.055075018906446
32.5,32.5,19.684249084249085,19.272161172161173,15.8018315018315,3.882417582417583,0.41208791208791234,2.1331196198433795
32.5,37.5,19.54488888888889,19.129777777777775,15.378222222222222,4.166666666666667,0.41511111111111115,2.295350303269534
32.5,47.5,24.4,23.5,19.2,5.199999999999999,0.8999999999999986,2.779088579612628
32.5,72.5,24.71,22.79,20.770000000000003,3.94,1.9200000000000017,1.9723113002478407
32.5,77.5,21.955555555555556,20.444444444444443,18.288888888888888,3.6666666666666665,1.5111111111111113,1.8446859824904789
32.5,102.5,16.273333333333333,15.646666666666668,12.873333333333333,3.3999999999999995,0.6266666666666659,1.8099060306630286
32.5,107.5,12.65,11.975,8.225000000000001,4.425,0.6750000000000003,2.3841019221123867
32.5,112.5,15.882608695652175,14.982608695652175,11.713043478260868,4.169565217391304,0.8999999999999995,2.194798555592563
32.5,117.5,15.531578947368422,14.457894736842105,10.81578947368421,4.715789473684211,1.073684210526316,2.4719765844166504
32.5,122.5,16.09855072463768,14.855072463768115,10.814492753623188,5.2840579710144935,1.2434782608695654,2.762760011139758
32.5,132.5,14.709999999999999,13.77,8.64,6.07,0.9400000000000004,3.2674499197361784
32.5,137.5,14.97777777777778,14.0,8.277777777777779,6.7,0.9777777777777779,3.619255360768731
37.5,-122.5,13.839814814814815,13.128703703703703,9.393518518518519,4.446296296296297,0.7111111111111115,2.3913901757158644
37.5,-117.5,15.5,14.85,7.575,7.925000000000001,0.6500000000000008,4.400129172670162
37.5,-112.5,11.700000000000001,10.966666666666667,2.766666666666667,8.933333333333334,0.733333333333334,4.959592837321941
37.5,-107.5,9.133333333333333,8.366666666666667,0.0,9.133333333333335,0.7666666666666667,5.06668220594304
37.5,-102.5,9.75,8.85,-1.45,11.2,0.9000000000000004,6.222820127280457
37.5,-97.5,12.819999999999999,12.379999999999999,-4.82,17.64,0.4400000000000002,10.059937121909854
37.5,-92.5,13.644444444444444,13.322222222222223,-1.3888888888888888,15.033333333333335,0.32222222222222247,8.588047769140378
37.5,-87.5,14.549999999999999,14.299999999999999,3.3333333333333335,11.216666666666667,0.2500000000000003,6.405143969928386
37.5,-82.5,12.044444444444444,11.633333333333333,-2.2777777777777777,14.322222222222223,0.4111111111111114,8.153009679384475
37.5,-77.5,13.12142857142857,12.339285714285714,-0.9392857142857143,14.060714285714285,0.7821428571428574,7.901939354542372
37.5,-72.5,11.5,10.6,-4.9,16.4,0.9000000000000004,9.21972523090213
37.5,-7.5,17.5,16.900000000000002,13.618181818181819,3.881818181818181,0.5999999999999985,2.089845008030668
37.5,-2.5,17.929032258064513,17.322580645161292,14.103225806451613,3.825806451612904,0.6064516129032271,2.056248720854915
37.5,2.5,17.211111111111112,16.693333333333335,12.648888888888889,4.562222222222222,0.5177777777777776,2.4980139206991145
37.5,7.5,16.535714285714285,16.010714285714283,11.85,4.685714285714284,0.525,2.5672343601757524
37.5,12.5,17.6,17.3,13.4,4.200000000000001,0.3000000000000007,2.343074902771997
37.5,17.5,17.5,17.4,12.7,4.800000000000001,0.10000000000000142,2.7428695436227613
37.5,27.5,16.91111111111111,16.833333333333332,12.244444444444444,4.666666666666667,0.0777777777777777,2.6729599823007044
37.5,32.5,15.71923076923077,15.434615384615382,11.292307692307693,4.426923076923077,0.2846153846153855,2.479827726744001
37.5,37.5,14.55,14.05,9.2,5.3500000000000005,0.5000000000000009,2.9569798529470717
37.5,42.5,15.6,15.0,9.2,6.4,0.5999999999999996,3.5345909711497505
37.5,52.5,14.971428571428572,14.571428571428571,10.857142857142858,4.114285714285714,0.3999999999999991,2.268747231425325
37.5,112.5,11.36,10.5,6.7,4.66,0.8600000000000005,2.4798424010898525
37.5,117.5,12.685,11.663333333333332,7.77,4.915,1.0216666666666665,2.5937679190265643
37.5,122.5,12.536363636363637,11.536363636363637,7.336363636363637,5.199999999999999,1.0,2.7592558439372543
37.5,127.5,11.836363636363638,10.91969696969697,5.1030303030303035,6.733333333333333,0.9166666666666667,3.6519678970196336
37.5,137.5,13.985207100591715,13.024260355029586,6.613609467455621,7.371597633136094,0.9609467455621302,4.007763182121372
37.5,142.5,12.727272727272727,11.818181818181818,5.172727272727273,7.554545454545454,0.9090909090909087,4.124861206664786
42.5,-122.5,10.233333333333333,9.575000000000001,6.058333333333334,4.175,0.6583333333333329,2.2472854769485613
42.5,-112.5,8.9,7.883333333333334,-2.0333333333333337,10.933333333333332,1.0166666666666666,6.040326277031337
42.5,-107.5,6.85,6.050000000000001,-5.05,11.9,0.7999999999999994,6.651567137809341
42.5,-102.5,8.75,8.100000000000001,-4.5,13.25,0.6499999999999995,7.470196471305941
42.5,-92.5,7.366666666666667,6.633333333333333,-14.6,21.96666666666667,0.7333333333333334,12.476156235807196
42.5,-87.5,8.983333333333334,7.916666666666667,-12.183333333333332,21.166666666666668,1.0666666666666669,11.92467214085302
42.5,-82.5,8.183333333333334,7.3999999999999995,-15.216666666666667,23.400000000000002,0.7833333333333335,13.289742837271382
42.5,-77.5,8.25,7.35,-15.377272727272727,23.627272727272725,0.8999999999999999,13.389100566568253
42.5,-72.5,9.7625,8.715,-12.55,22.3125,1.0474999999999999,12.590917645105383
42.5,-62.5,6.433333333333334,5.366666666666667,-18.866666666666667,25.3,1.0666666666666667,14.308997869765284
42.5,27.5,14.11111111111111,14.11111111111111,9.0,5.111111111111111,0.0,2.9509013758580873
42.5,37.5,11.496022727272727,11.505681818181818,5.678409090909091,5.817613636363636,0.009659090909090874,3.36163107751934
42.5,42.5,11.3125,11.112499999999999,7.2875,4.025,0.20000000000000095,2.2683057695759272
42.5,47.5,11.561139896373058,11.284974093264248,6.786528497409326,4.774611398963731,0.2761658031088084,2.6806326320053984
42.5,67.5,12.450000000000001,11.6,7.25,5.2,0.8500000000000005,2.789544289806314
42.5,72.5,10.699999999999998,9.8,5.599999999999999,5.1,0.8999999999999986,2.72213151776324
42.5,77.5,3.317647058823529,2.6176470588235294,-1.4,4.717647058823529,0.7000000000000001,2.545912276880559
42.5,112.5,6.6,5.5,1.3,5.3,1.0999999999999996,2.797022226106424
42.5,117.5,11.352,10.26,6.058,5.294,1.0919999999999996,2.795144129099661
42.5,142.5,6.023076923076923,4.9692307692307685,-2.3538461538461535,8.376923076923077,1.0538461538461539,4.5628956664809195
42.5,147.5,5.6,4.5,-2.8,8.399999999999999,1.0999999999999996,4.565449959569519
47.5,-127.5,9.25,8.5,-4.15,13.4,0.75,7.529909732538451
47.5,-122.5,9.995161290322581,9.233870967741936,-3.7758064516129033,13.770967741935483,0.7612903225806454,7.740528811308411
47.5,-117.5,3.1,2.3,-15.7,18.8,0.8000000000000003,10.63077294148141
47.5,-112.5,5.666666666666667,5.0,-15.833333333333334,21.5,0.6666666666666666,12.22514787881841
47.5,-107.5,6.9,6.3,-16.2,23.1,0.6000000000000005,13.167004215082487
47.5,-97.5,4.7,3.9,-22.0,26.7,0.8000000000000003,15.18957976157778
47.5,-77.5,5.8,4.8,-21.8,27.6,1.0,15.654179420631838
47.5,-72.5,5.2,4.133333333333334,-21.933333333333334,27.13333333333333,1.0666666666666669,15.366814937260244
47.5,-62.5,5.7,4.5,-19.4,25.099999999999998,1.2000000000000002,14.157801147541706
47.5,2.5,10.9,10.7,5.1,5.800000000000001,0.20000000000000107,3.2924155266308657
47.5,7.5,9.7,9.2,2.9,6.799999999999999,0.5,3.7898988552906436
47.5,37.5,11.775652173913043,11.812173913043479,5.352173913043479,6.423478260869565,0.03652173913043496,3.719265152745037
52.5,-122.5,3.1,2.1,-16.8,19.900000000000002,1.0,11.211749789097745
52.5,-117.5,6.9,6.2,-12.8,19.700000000000003,0.7000000000000002,11.177208953938367
52.5,-112.5,2.5333333333333337,1.9333333333333336,-22.166666666666668,24.7,0.6000000000000001,14.090545678378644
52.5,-7.5,8.9,8.6,-2.2,11.100000000000001,0.3000000000000007,6.323764701504951
52.5,2.5,10.106283662477558,9.861400359066428,1.9723518850987432,8.133931777378816,0.24488330341113052,4.627123503336478
52.5,7.5,9.722641509433961,9.516981132075472,1.5830188679245285,8.139622641509433,0.20566037735849096,4.641201733122421
52.5,37.5,4.889473684210526,4.2,-7.9105263157894745,12.8,0.6894736842105263,7.1993252681591615
52.5,42.5,5.3,4.6,-6.3,11.6,0.7000000000000002,6.504613747179766
52.5,72.5,1.3,0.1,-7.6,8.9,1.2,4.829423706130301
52.5,77.5,2.375,1.1500000000000001,-5.375,7.75,1.2249999999999999,4.166169778828395
52.5,82.5,1.763768115942029,0.8739130434782608,-5.7449275362318835,7.508695652173913,0.889855072463768,4.102880144497911
52.5,87.5,2.1726190476190474,1.5904761904761904,-3.9976190476190476,6.170238095238095,0.5821428571428571,3.406895328660661
52.5,102.5,0.0,-0.9,-7.1,7.1,0.9,3.865660788705255
52.5,117.5,-1.4407407407407407,-2.44074074074074,-9.64074074074074,8.2,1.0,4.473626418615364
57.5,7.5,6.028155339805825,5.6485436893203875,-15.312621359223302,21.340776699029124,0.379611650485437,12.213065795657815
57.5,12.5,6.159558823529412,5.666176470588235,-17.361029411764704,23.52058823529412,0.49338235294117666,13.439570423936718
57.5,17.5,6.52,6.073333333333333,-18.9,25.42,0.44666666666666666,14.549054072952016
57.5,22.5,5.3,4.6,-21.0,26.3,0.7000000000000002,14.98632710172843
57.5,32.5,4.059722222222223,3.2597222222222224,-18.72361111111111,22.78333333333333,0.7999999999999999,12.92921633670445
57.5,37.5,4.803528742174161,3.818952760387023,-10.675867956744451,15.479396698918611,0.9845759817871373,8.666956052686286
57.5,42.5,4.278095238095238,3.544761904761905,-10.083809523809524,14.361904761904762,0.7333333333333332,8.08857283239241
57.5,57.5,1.6,0.6,-8.7,10.299999999999999,1.0,5.6800821590302135
57.5,62.5,2.341666666666667,1.3599999999999999,-7.160833333333333,9.5025,0.9816666666666667,5.226008077051417
57.5,67.5,0.8315789473684211,-0.21052631578947367,-8.694736842105263,9.526315789473685,1.0421052631578949,5.225246209750459
57.5,72.5,0.5,-0.625,-8.885,9.385,1.125,5.124828803240457
57.5,82.5,0.6883720930232559,-0.24651162790697673,-7.841860465116278,8.530232558139534,0.9348837209302324,4.678609503871
57.5,87.5,0.8745762711864407,0.01864406779661017,-7.42542372881356,8.299999999999999,0.8559322033898306,4.56515445519819
57.5,92.5,0.3125,-0.49375,-7.75625,8.06875,0.80625,4.4440780427953035
62.5,-147.5,-3.4,-5.0,-10.0,6.6,1.6,3.4428670223134286
62.5,-112.5,-6.8,-8.5,-28.5,21.7,1.7000000000000002,12.067725552066554
62.5,7.5,5.205309734513275,4.668141592920354,-12.201769911504424,17.4070796460177,0.5371681415929204,9.898707399180058
62.5,12.5,4.451724137931034,3.8275862068965516,-16.96206896551724,21.413793103448278,0.6241379310344826,12.187192703240083
62.5,17.5,2.784615384615385,2.088461538461538,-23.723076923076924,26.50769230769231,0.6961538461538463,15.107274873421984
62.5,22.5,4.60889348500517,3.9735263702171664,-21.720889348500517,26.32978283350569,0.6353671147880041,15.021585626730547
62.5,27.5,3.214319809069212,2.3847255369928404,-22.64224343675418,25.856563245823388,0.8295942720763724,14.694730516513511
62.5,32.5,4.7,3.7,-18.7,23.4,1.0,13.230772212283503
62.5,47.5,1.2647058823529411,0.06470588235294118,-15.658823529411764,16.923529411764708,1.2,9.44347826225312
62.5,57.5,-0.525,-1.725,-12.700000000000001,12.175,1.2000000000000002,6.709710377703819
62.5,67.5,-1.3,-2.8,-14.7,13.399999999999997,1.4999999999999998,7.341888948583554
62.5,77.5,-4.9,-6.8,-19.5,14.6,1.8999999999999995,7.937883848986454
67.5,12.5,3.6,2.9,-15.52608695652174,19.12608695652174,0.7000000000000002,10.846040493643024
67.5,17.5,-0.12000000000000002,-0.9199999999999999,-18.64,18.52,0.8,10.46929410759436
67.5,22.5,1.325,0.3333333333333333,-26.150000000000002,27.475000000000005,0.9916666666666667,15.584320291399095
67.5,27.5,0.8410256410256409,-0.1692307692307692,-25.358974358974358,26.2,1.0102564102564102,14.8435686184727
67.5,32.5,0.8,-0.5,-20.8,21.6,1.3,12.112940738455437
72.5,22.5,-2.3,-3.4,-23.3,21.0,1.1,11.819616463038608
72.5,27.5,1.3,0.1,-22.8,24.1,1.2,13.580991618189497
