cell_lat,cell_lon,richness,n_records,pc_lgm_change,pc_instability,wc_lgm_change,wc_instability,abs_lat,log_n
-52.5,-72.5,10,10,10.352430095672608,5.753402640722287,9.83,5.454386656240521,52.5,2.302585092994046
-52.5,-67.5,16,19,9.253818471808184,5.182360400676962,10.636842105263158,5.944019817165883,52.5,2.9444389791664403
-47.5,172.5,12,13,2.430914424015925,1.2944072937590685,3.1153846153846154,1.6516758469061843,47.5,2.5649493574615367
-42.5,-72.5,14,15,5.267667897542318,2.89102200109623,5.52,2.99822823775248,42.5,2.70805020110221
-42.5,147.5,26,28,3.842946992601668,2.106617302337958,4.042857142857143,2.176670468231029,42.5,3.332204510175204
-42.5,167.5,18,18,3.2726094325383506,1.7412951591626975,3.7277777777777774,1.99054143871058,42.5,2.8903717578961645
-42.5,172.5,54,56,2.6376698681286403,1.376395266395935,3.5410714285714286,1.884711528164542,42.5,4.02535169073515
-37.5,-72.5,44,47,3.06340011840171,1.670024242950848,4.219148936170213,2.2661070027051893,37.5,3.8501476017100584
-37.5,-62.5,18,18,2.1832264794243708,1.1331174494509155,2.311111111111112,1.2404263519782024,37.5,2.8903717578961645
-37.5,-57.5,20,21,2.5715122041248137,1.3536330405228585,3.3523809523809525,1.7759978596743595,37.5,3.044522437723423
-37.5,137.5,23,30,2.4060649617513024,1.2649837907431545,3.106666666666667,1.6427218803058563,37.5,3.4011973816621555
-37.5,142.5,59,88,3.2807955134998665,1.7612318844231416,3.563636363636364,1.894082118913473,37.5,4.477336814478207
-37.5,147.5,72,110,3.7371784713051537,2.0210927925898816,3.593636363636364,1.9145765369969248,37.5,4.700480365792417
-37.5,152.5,12,12,3.366852442423504,1.7802537751295546,4.208333333333333,2.29914789550048,37.5,2.4849066497880004
-37.5,172.5,38,40,2.312424831390381,1.188116072923607,3.0275,1.597391053510156,37.5,3.6888794541139363
-37.5,177.5,33,33,2.602729647087328,1.34907242326158,3.475757575757576,1.8472453230752592,37.5,3.4965075614664802
-32.5,-72.5,67,71,1.8652004295671487,1.2788385099131765,3.750704225352113,1.978471555156428,32.5,4.2626798770413155
-32.5,-62.5,47,51,2.350788071576288,1.223078569222269,3.084313725490196,1.7391215498860817,32.5,3.9318256327243257
-32.5,-57.5,96,110,3.026460959694602,1.623081232360824,3.309090909090909,1.7867590017329036,32.5,4.700480365792417
-32.5,-52.5,10,10,2.910042114257813,1.590554157636562,4.590000000000001,2.4755312008878336,32.5,2.302585092994046
-32.5,17.5,451,756,2.286129856614208,1.1802791755987443,3.164021164021164,1.6641397831033542,32.5,6.628041376179533
-32.5,22.5,224,302,3.1576500621063026,1.6814684181982946,3.3089403973509937,1.7295798399455613,32.5,5.71042701737487
-32.5,27.5,240,351,3.6308649525003895,1.9563228491024185,3.836752136752137,2.0249632023804267,32.5,5.860786223465865
-32.5,32.5,57,64,2.481806325912475,1.295516073567577,3.2609375000000003,1.7038270339788264,32.5,4.1588830833596715
-32.5,117.5,17,41,1.8317693570765048,0.9578847206621068,3.109756097560976,1.6413436710971387,32.5,3.713572066704308
-32.5,137.5,28,36,2.527738825480143,1.3233401206570572,3.294444444444444,1.74211644854658,32.5,3.58351893845611
-32.5,147.5,10,19,4.363314959877416,2.367501893978375,3.615789473684211,1.9423537454767368,32.5,2.9444389791664403
-32.5,152.5,86,142,3.4747808160916183,1.8437751103204023,4.463380281690141,2.429937404041758,32.5,4.955827057601261
-27.5,-57.5,25,26,2.5577758789062504,1.3380265052333074,3.9461538461538472,2.117080081273452,27.5,3.258096538021482
-27.5,-52.5,39,41,2.9481124505764105,1.6729825331883823,3.748780487804878,1.9989239647826056,27.5,3.713572066704308
-27.5,-47.5,57,62,3.036752786943989,1.658241073949141,4.462903225806452,2.400433163278911,27.5,4.127134385045092
-27.5,17.5,17,20,1.6690836715698247,0.948593314194074,3.715,1.951593610595778,27.5,2.995732273553991
-27.5,22.5,10,10,5.240601577758789,2.846347980681986,4.5,2.347816968896399,27.5,2.302585092994046
-27.5,27.5,373,556,5.4391762376689226,2.984504643101989,3.5633093525179858,1.846853963154412,27.5,6.320768294250582
-27.5,32.5,453,619,3.3019480494189537,1.7830592302084594,3.58513731825525,1.883760920236077,27.5,6.428105272684596
-27.5,152.5,125,158,3.62388855173618,1.9428477617726565,3.2670886075949364,1.7422869990163647,27.5,5.062595033026967
-22.5,-67.5,10,10,0.6025408363342273,0.746171152791319,3.62,1.920114080428016,22.5,2.302585092994046
-22.5,-47.5,64,69,3.9245665398196894,2.148951758168171,3.631884057971015,1.9208364320162865,22.5,4.23410650459726
-22.5,-42.5,56,58,3.5461293450717277,1.9627716361684884,3.079310344827586,1.611342945564082,22.5,4.060443010546419
-22.5,12.5,15,15,1.0401393636067706,0.9385644943162342,3.9,2.042492695564284,22.5,2.70805020110221
-22.5,17.5,67,112,3.403390325818743,1.7767150406293013,4.433035714285714,2.3112072112731736,22.5,4.718498871295094
-22.5,27.5,113,122,4.897180844916671,2.6983254834156263,3.574590163934426,1.8781464670381065,22.5,4.804021044733257
-22.5,32.5,437,662,4.075159102840367,2.2323138484763487,3.405287009063444,1.7634624249215611,22.5,6.495265555937008
-22.5,47.5,14,17,4.247393125646256,2.292329315248585,3.458823529411763,1.825160931135603,22.5,2.833213344056216
-22.5,57.5,53,63,3.010415697854663,1.6042073335161475,2.019047619047618,1.0391200776104077,22.5,4.143134726391533
-22.5,147.5,5,17,3.176938314998852,1.7085288058566086,3.205882352941177,1.6975215615990562,22.5,2.833213344056216
-17.5,-42.5,21,21,3.847730509440104,2.2068375806127216,2.9952380952380944,1.540364607756756,17.5,3.044522437723423
-17.5,17.5,34,42,4.728796241396949,2.5239745872774018,4.576190476190478,2.4408895776171886,17.5,3.7376696182833684
-17.5,22.5,22,24,4.462632878621419,2.4493194298055907,4.1625,2.2726795788329373,17.5,3.1780538303479458
-17.5,27.5,39,55,3.5749817171963776,1.942056424045306,3.652727272727272,1.988916672341944,17.5,4.007333185232471
-17.5,147.5,20,20,3.666289520263672,1.9850850191526228,3.61,1.9315929999748125,17.5,2.995732273553991
-7.5,-37.5,12,13,4.730865948016827,2.5707648173693034,3.423076923076923,1.7928030168107258,7.5,2.5649493574615367
-7.5,37.5,15,25,2.86267147064209,1.573209825187745,2.4045454545454543,1.208197326320059,7.5,3.2188758248682006
-7.5,107.5,31,38,4.144989455373664,2.255525655464784,3.967567567567568,2.117848184938452,7.5,3.6375861597263857
-7.5,112.5,50,62,3.9686947730279742,2.174492932014108,3.269354838709678,1.7340013489668809,7.5,4.127134385045092
-2.5,-77.5,27,27,5.577836293630578,3.056462973363895,3.7629629629629626,1.98697868647718,2.5,3.295836866004329
-2.5,27.5,15,16,5.856241846084594,3.1538477137573366,3.99375,2.1028521885151905,2.5,2.772588722239781
-2.5,32.5,37,43,4.722891838606014,2.586089161669864,3.183720930232559,1.6270748053732729,2.5,3.7612001156935624
-2.5,37.5,135,196,4.67073082631948,2.6000373219912736,2.979081632653061,1.5107602005502565,2.5,5.278114659230517
2.5,-77.5,11,11,5.618652291731401,3.067120055790038,3.8,1.9938148169024037,2.5,2.3978952727983707
2.5,-72.5,16,17,5.964720086490408,3.257199457781482,3.605882352941177,1.8806809131587876,2.5,2.833213344056216
2.5,-52.5,12,13,3.3463145329402053,1.7509252204500714,3.2153846153846164,1.7369963509288953,2.5,2.5649493574615367
2.5,7.5,12,12,2.804207611083984,1.4403852266748285,2.558333333333333,1.3122440695605746,2.5,2.4849066497880004
2.5,32.5,14,16,3.675026416778565,1.974509403055409,3.125000000000001,1.5953583271261311,2.5,2.772588722239781
2.5,72.5,12,12,3.416437021891275,1.8051485772151616,2.22,1.126399569231214,2.5,2.4849066497880004
2.5,97.5,10,11,4.632423123446378,2.5133961065055237,3.372727272727272,1.7595601043562412,2.5,2.3978952727983707
2.5,102.5,289,445,4.812598595779933,2.654105227469701,4.584943820224718,2.452374942054582,2.5,6.09807428216624
2.5,112.5,13,13,4.261067551832934,2.303209968465873,3.8615384615384616,2.0560340637693297,2.5,2.5649493574615367
7.5,-82.5,31,31,3.8741873710386217,2.0874065313418573,3.354838709677419,1.7853814246870547,7.5,3.4339872044851463
7.5,-77.5,31,33,5.008953579989346,2.712378109778153,3.539393939393939,1.8584805876447288,7.5,3.4965075614664802
7.5,-52.5,14,14,3.136024911063058,1.6619688218690511,3.078571428571429,1.6614099572037635,7.5,2.6390573296152584
7.5,-2.5,10,10,3.959707946777345,2.15635059031132,3.33,1.699044275124869,7.5,2.302585092994046
7.5,37.5,5,18,5.190771357218424,2.823377019158612,3.361111111111112,1.6835667369349103,7.5,2.8903717578961645
7.5,77.5,31,33,4.120186684348367,2.247635496115169,2.996969696969697,1.544577912332482,7.5,3.4965075614664802
7.5,82.5,44,47,3.794934049565741,2.06359879470122,2.929787234042553,1.5042719489717058,7.5,3.8501476017100584
7.5,97.5,25,28,4.7675516945975165,2.6146769434702075,3.45,1.7969898664436332,7.5,3.332204510175204
7.5,102.5,42,48,5.353440380096434,2.941709613838262,4.102083333333334,2.1626905262463763,7.5,3.871201010907891
7.5,117.5,16,17,4.09970505658318,2.2207430252414286,3.570588235294117,1.8923713351075373,7.5,2.833213344056216
12.5,-82.5,12,12,3.3845448811848957,1.801462526926903,3.383333333333333,1.7989500412461084,12.5,2.4849066497880004
12.5,-67.5,17,18,4.727651977539062,2.572527452983634,2.2888888888888896,1.2027435621770832,12.5,2.8903717578961645
12.5,-62.5,10,10,3.3802839660644537,1.7792106907768095,2.329999999999999,1.221861080841614,12.5,2.302585092994046
12.5,-17.5,18,18,2.4609713236490887,1.3345493668649564,1.966666666666666,0.9950289116945544,12.5,2.8903717578961645
12.5,-12.5,6,11,4.336477938565341,2.4407875511208834,3.918181818181817,1.959451371631674,12.5,2.3978952727983707
12.5,17.5,7,27,3.898939570674188,2.2510538106828264,2.792592592592593,1.4923218898170356,12.5,3.295836866004329
12.5,77.5,118,144,5.642909155951606,3.0891869500108817,3.319444444444444,1.693313326416363,12.5,4.969813299576001
12.5,82.5,37,41,4.280702916587271,2.2989893802875305,2.707317073170732,1.3639085226391592,12.5,3.713572066704308
12.5,92.5,11,11,3.5361200506036927,1.9133253032490016,1.7181818181818185,0.8619064702132448,12.5,2.3978952727983707
12.5,97.5,23,23,5.223395468971946,2.87696464740221,3.190909090909091,1.638357737062168,12.5,3.1354942159291497
12.5,102.5,84,99,6.270431210296323,3.433541716880291,3.424489795918367,1.743757452655269,12.5,4.59511985013459
12.5,107.5,28,30,5.309282379150391,2.916439949519088,4.116666666666667,2.1786867274912,12.5,3.4011973816621555
12.5,122.5,21,23,4.40835305918818,2.3654751552018825,3.2782608695652176,1.719853848327588,12.5,3.1354942159291497
17.5,-97.5,18,18,8.29891397158305,4.559087156465095,3.9222222222222234,2.0648731534666287,17.5,2.8903717578961645
17.5,72.5,80,90,3.958753543429904,2.183047835812621,3.287777777777777,1.6535768018987385,17.5,4.499809670330265
17.5,77.5,27,33,6.266989690607246,3.4467735898440037,3.766666666666665,1.888650025862932,17.5,3.4965075614664802
17.5,82.5,13,15,4.993380025227864,2.701112293792555,3.3800000000000003,1.7044903771411817,17.5,2.70805020110221
17.5,97.5,23,25,6.803428161621095,3.8584554530758335,3.624000000000001,1.827328030927466,17.5,3.2188758248682006
17.5,102.5,21,21,6.5092403593517485,3.6453075143934575,3.4428571428571426,1.734556121700992,17.5,3.044522437723423
17.5,107.5,26,37,4.928386667612437,2.679396338028763,3.216216216216216,1.6568263161568315,17.5,3.6109179126442243
22.5,-157.5,16,16,2.766343383789063,1.5155356026020324,1.6866666666666672,0.8833521819923256,22.5,2.772588722239781
22.5,-107.5,63,83,2.2376040722950408,1.1446438427836554,2.628915662650602,1.3453363325221184,22.5,4.418840607796598
22.5,57.5,22,23,6.737860638162364,3.6622852488532542,3.165217391304348,1.6198802702839044,22.5,3.1354942159291497
22.5,72.5,33,40,4.372508392333985,2.446693656397767,2.8975,1.495649456349104,22.5,3.6888794541139363
22.5,77.5,25,26,6.927395277756911,3.948250859180797,3.534615384615385,1.7699004724836374,22.5,3.258096538021482
22.5,87.5,15,16,4.031150341033936,2.081367306123834,3.6875,1.8515560850974144,22.5,2.772588722239781
22.5,97.5,13,14,6.946415383475168,3.9310806314251736,3.592857142857143,1.808134809255143,22.5,2.6390573296152584
22.5,112.5,163,247,5.212204214242789,2.8392594960273234,3.923481781376518,2.019160766482192,22.5,5.5093883366279774
22.5,117.5,17,18,6.154923417833116,3.3518331550401106,5.383333333333334,2.8476841974348543,22.5,2.8903717578961645
22.5,122.5,312,422,5.996281990323748,3.299471069384136,4.753571428571429,2.495790313123635,22.5,6.045005314036012
27.5,-97.5,78,80,9.611025552749634,5.478625089259578,7.917499999999999,4.348861154750027,27.5,4.382026634673881
27.5,-82.5,75,89,4.714601821042179,2.60078913925082,4.7685393258426965,2.6451073046586693,27.5,4.48863636973214
27.5,-17.5,195,301,4.21904284286499,2.420078243835183,2.009427609427609,1.036083402992718,27.5,5.707110264748875
27.5,-12.5,33,38,3.3176265114232115,1.8076548696250272,2.452631578947367,1.270634459731803,27.5,3.6375861597263857
27.5,32.5,41,56,5.447495283647017,2.98412894894499,4.683636363636363,2.563479878267391,27.5,4.02535169073515
27.5,37.5,24,430,5.598501750147619,3.0737666540417283,4.799069767441861,2.6630325640012806,27.5,6.063785208687608
27.5,77.5,12,14,4.356999642508372,2.287912021636461,3.6071428571428585,1.8133122311189904,27.5,2.6390573296152584
27.5,82.5,14,19,3.4420920121042347,1.78434527216746,3.873684210526317,1.9593794771533448,27.5,2.9444389791664403
27.5,92.5,14,14,5.193010248456683,2.6110806429408595,3.628571428571429,1.8522130687810172,27.5,2.6390573296152584
27.5,117.5,31,32,6.497324347496033,3.5937094291912786,4.88125,2.545877400656992,27.5,3.4657359027997265
27.5,122.5,170,224,6.418347944532122,3.5538189912664206,5.108928571428571,2.6886796942190747,27.5,5.4116460518550396
27.5,127.5,10,10,5.009732818603516,2.7390478611245395,3.870000000000002,2.0044738784768588,27.5,2.302585092994046
32.5,-117.5,83,90,4.440565185546875,2.357758819250217,5.087640449438203,2.7301381253110666,32.5,4.499809670330265
32.5,-112.5,28,30,8.621445045471193,4.857603613801638,6.546666666666667,3.557253213534364,32.5,3.4011973816621555
32.5,-97.5,46,53,12.033642031111809,6.857997211214013,10.783018867924527,6.060318855145755,32.5,3.970291913552122
32.5,-92.5,10,10,11.539857788085936,6.575089158093901,10.23,5.7812726001046135,32.5,2.302585092994046
32.5,-87.5,18,18,7.738600964016385,4.363178234314675,7.705555555555557,4.3249105980045055,32.5,2.8903717578961645
32.5,-82.5,16,18,7.349767748514812,4.120173363625308,7.105555555555557,3.967474720627033,32.5,2.8903717578961645
32.5,-17.5,24,30,3.2230165354410816,1.8415583914088989,2.29,1.2048048443857509,32.5,3.4011973816621555
32.5,-7.5,41,53,2.7722560090838746,1.457693371446414,3.803773584905661,2.0033709002009523,32.5,3.970291913552122
32.5,-2.5,35,39,6.751941602658003,3.646911175177511,4.858974358974359,2.59657894014504,32.5,3.6635616461296463
32.5,32.5,152,273,4.1687542478680175,2.285831639147489,3.882417582417583,2.1331196198433795,32.5,5.60947179518496
32.5,37.5,128,225,4.199196350097656,2.293307067557491,4.166666666666667,2.295350303269534,32.5,5.41610040220442
32.5,72.5,10,10,3.759983367919921,1.9489246161550944,3.94,1.9723113002478407,32.5,2.302585092994046
32.5,102.5,13,15,4.686470336914064,2.471194280634116,3.3999999999999995,1.8099060306630288,32.5,2.70805020110221
32.5,112.5,21,23,6.02200174746306,3.305902507825217,4.169565217391304,2.194798555592563,32.5,3.1354942159291497
32.5,117.5,16,19,6.247143715306333,3.4327738968235137,4.715789473684211,2.4719765844166504,32.5,2.9444389791664403
32.5,122.5,40,70,6.297079609462193,3.4743922444936675,5.2840579710144935,2.762760011139758,32.5,4.248495242049359
32.5,132.5,10,10,8.440336990356446,4.706942236176804,6.07,3.2674499197361784,32.5,2.302585092994046
37.5,-122.5,87,108,3.2466855367024743,1.7077639974725558,4.446296296296297,2.3913901757158644,37.5,4.68213122712422
37.5,-77.5,25,28,14.64624314563615,8.297159677113674,14.060714285714283,7.901939354542372,37.5,3.332204510175204
37.5,-7.5,9,11,2.572437355735085,1.3302154125032195,3.881818181818181,2.089845008030668,37.5,2.3978952727983707
37.5,-2.5,23,31,3.158462376748361,1.6274957767151454,3.825806451612904,2.056248720854915,37.5,3.4339872044851463
37.5,2.5,35,45,4.634874606662326,2.47570349423394,4.562222222222222,2.4980139206991145,37.5,3.8066624897703196
37.5,7.5,26,28,4.51063139779227,2.4096842259720783,4.685714285714284,2.5672343601757524,37.5,3.332204510175204
37.5,32.5,22,26,5.565712019113393,3.046514393830457,4.426923076923077,2.479827726744001,37.5,3.258096538021482
37.5,117.5,39,60,6.800076643625896,3.7633793931637984,4.915,2.5937679190265643,37.5,4.0943445622221
37.5,122.5,11,11,6.836028740622781,3.801490266182593,5.199999999999999,2.7592558439372543,37.5,2.3978952727983707
37.5,127.5,45,66,8.462067592505253,4.694379454767343,6.733333333333333,3.6519678970196336,37.5,4.189654742026425
37.5,137.5,92,169,8.135026127035514,4.511729574002852,7.371597633136094,4.007763182121372,37.5,5.1298987149230735
37.5,142.5,9,11,7.136113684827631,3.916606206542013,7.554545454545454,4.124861206664786,37.5,2.3978952727983707
42.5,-122.5,10,12,4.1076238155365,2.271537551737829,4.175,2.2472854769485613,42.5,2.4849066497880004
42.5,-77.5,16,22,24.56310764659535,13.93769669827263,23.627272727272725,13.389100566568253,42.5,3.091042453358316
42.5,-72.5,31,40,24.111878657341,13.683790773048065,22.3125,12.590917645105383,42.5,3.6888794541139363
42.5,37.5,57,176,4.736045195839622,2.666430508933612,5.817613636363636,3.36163107751934,42.5,5.170483995038151
42.5,47.5,66,193,3.3542750146104883,1.7830405756146763,4.774611398963731,2.6806326320053984,42.5,5.262690188904886
42.5,77.5,15,17,5.1289088866289925,2.639102128037381,4.717647058823529,2.545912276880559,42.5,2.833213344056216
42.5,117.5,37,50,7.198372674942017,3.94635485854,5.294,2.795144129099661,42.5,3.912023005428146
42.5,142.5,11,13,8.54567897594892,4.62659955996045,8.376923076923077,4.56289566648092,42.5,2.5649493574615367
47.5,-122.5,53,62,11.606406878655957,6.514343634098924,13.770967741935484,7.740528811308411,47.5,4.127134385045092
47.5,37.5,38,115,4.704281788701597,2.621087199391174,6.423478260869565,3.719265152745037,47.5,4.74493212836325
52.5,2.5,136,557,7.934959967388927,4.451466843326244,8.133931777378816,4.627123503336478,52.5,6.322565239927284
52.5,7.5,33,53,8.022652487484914,4.494046361772244,8.139622641509433,4.641201733122421,52.5,3.970291913552122
52.5,37.5,14,19,13.010535149825246,7.395991500267524,12.8,7.1993252681591615,52.5,2.9444389791664403
52.5,42.5,11,11,11.399916458129884,6.415557792779016,11.6,6.504613747179766,52.5,2.3978952727983707
52.5,82.5,36,69,8.078356834079909,4.451984729714077,7.508695652173913,4.102880144497911,52.5,4.23410650459726
52.5,87.5,39,84,6.2938993976229725,3.3910616981040134,6.170238095238095,3.406895328660661,52.5,4.430816798843313
52.5,117.5,23,27,10.692511777524595,5.92970013379363,8.2,4.473626418615364,52.5,3.295836866004329
57.5,7.5,45,103,21.98200636928521,12.67441768047973,21.340776699029124,12.213065795657815,57.5,4.634728988229636
57.5,12.5,52,136,27.37723632139318,15.799717081691604,23.52058823529412,13.439570423936718,57.5,4.912654885736052
57.5,17.5,9,15,26.279798990885418,15.081161001951084,25.42,14.549054072952016,57.5,2.70805020110221
57.5,32.5,31,72,25.444219483269585,14.60439493343327,22.78333333333333,12.92921633670445,57.5,4.276666119016055
57.5,37.5,76,1757,15.521854432767674,8.839075204086107,15.479396698918611,8.666956052686286,57.5,7.471363088187097
57.5,42.5,36,105,14.91997058686756,8.46824838366913,14.361904761904762,8.08857283239241,57.5,4.653960350157523
57.5,62.5,37,120,10.681600634256998,6.065887322213217,9.5025,5.226008077051417,57.5,4.787491742782046
57.5,67.5,20,38,10.310471303839432,5.813817455618488,9.526315789473683,5.225246209750459,57.5,3.6375861597263857
57.5,72.5,11,20,10.179828567504885,5.675975827740502,9.385,5.124828803240457,57.5,2.995732273553991
57.5,82.5,24,43,9.790505058820855,5.507309605001363,8.530232558139534,4.678609503871,57.5,3.7612001156935624
57.5,87.5,29,59,9.555557884604244,5.384925827302433,8.299999999999999,4.56515445519819,57.5,4.07753744390572
57.5,92.5,12,16,9.781255102157592,5.506894908146046,8.06875,4.444078042795304,57.5,2.772588722239781
62.5,7.5,36,113,19.67945256191017,11.332222870403712,17.4070796460177,9.898707399180058,62.5,4.727387818712341
62.5,12.5,18,29,27.6928553087958,15.939001177716978,21.41379310344828,12.187192703240084,62.5,3.367295829986474
62.5,17.5,26,26,30.88075960599459,17.770464690632977,26.50769230769231,15.107274873421984,62.5,3.258096538021482
62.5,22.5,114,967,28.15439966590353,16.184656432568083,26.32978283350569,15.021585626730548,62.5,6.874198495453294
62.5,27.5,141,419,30.022873700490145,17.258580331174855,25.856563245823388,14.694730516513513,62.5,6.037870919922137
62.5,32.5,8,30,25.799832153320317,14.781423096555718,23.4,13.230772212283505,62.5,3.4011973816621555
62.5,47.5,13,17,18.25893213608686,10.456272928811453,16.923529411764708,9.44347826225312,62.5,2.833213344056216
67.5,12.5,13,23,25.52614898681641,14.644340502930111,19.12608695652174,10.846040493643024,67.5,3.1354942159291497
67.5,22.5,12,12,33.92482528686524,19.50048156831095,27.475000000000005,15.584320291399097,67.5,2.4849066497880004
67.5,27.5,26,39,32.23067580003004,18.508578822574524,26.2,14.8435686184727,67.5,3.6635616461296463
