cell_lat,cell_lon,pc_present,pc_holocene,pc_lgm,pc_lgm_change,pc_holo_change,pc_instability
-52.5,-72.5,5.29,4.46,-5.062430095672608,10.352430095672608,0.8299999999999998,5.753402640722287
-52.5,-67.5,4.4789473684210535,3.8947368421052633,-4.77487110338713,9.253818471808183,0.5842105263157896,5.182360400676962
-52.5,167.5,8.3,7.4,3.6994998931884764,4.600500106811524,0.9000000000000004,2.4381790429637222
-47.5,-72.5,4.0875,3.275,-3.6386491537094114,7.726149153709412,0.8124999999999999,4.246987698886722
-47.5,167.5,8.25,7.699999999999999,4.733250268300375,3.5167497316996257,0.5500000000000003,1.8918125001125514
-47.5,172.5,10.415384615384616,9.96923076923077,7.984470191368691,2.4309144240159255,0.44615384615384635,1.2944072937590685
-42.5,-72.5,10.006666666666666,9.426666666666668,4.738998769124349,5.267667897542318,0.5800000000000003,2.89102200109623
-42.5,-67.5,15.7,14.9,11.899748229980469,3.80025177001953,0.7999999999999989,2.0034729928735375
-42.5,-62.5,14.5,13.7,11.400250244140626,3.0997497558593743,0.8000000000000007,1.6092077496149826
-42.5,147.5,11.614285714285714,11.185714285714285,7.771338721684047,3.8429469926016675,0.4285714285714288,2.1066173023379586
-42.5,167.5,6.705555555555556,6.083333333333333,3.4329461230172047,3.2726094325383506,0.6222222222222222,1.7412951591626975
-42.5,172.5,11.1875,10.535714285714286,8.549830131871358,2.6376698681286403,0.6517857142857145,1.3763952663959347
-42.5,177.5,12.444444444444445,11.822222222222223,9.655648803710939,2.7887956407335066,0.6222222222222216,1.4640485618938939
-37.5,-72.5,10.41063829787234,9.938297872340426,7.34723817947063,3.06340011840171,0.47234042553191496,1.670024242950848
-37.5,-67.5,15.7,15.0,11.57439479827881,4.12560520172119,0.6999999999999993,2.2077697075026776
-37.5,-62.5,14.572222222222223,14.0,12.388995742797853,2.1832264794243708,0.5722222222222221,1.1331174494509157
-37.5,-57.5,15.209523809523809,14.647619047619049,12.638011605398995,2.5715122041248137,0.5619047619047617,1.3536330405228583
-37.5,137.5,14.916666666666666,14.389999999999999,12.510601704915365,2.4060649617513024,0.5266666666666668,1.2649837907431545
-37.5,142.5,14.013636363636364,13.480681818181818,10.732840850136496,3.2807955134998665,0.5329545454545455,1.7612318844231416
-37.5,147.5,13.713636363636363,13.177272727272728,9.97645789233121,3.7371784713051537,0.5363636363636364,2.0210927925898816
-37.5,152.5,16.525000000000002,15.841666666666667,13.158147557576498,3.3668524424235033,0.6833333333333335,1.7802537751295546
-37.5,172.5,14.907499999999999,14.2,12.59507516860962,2.3124248313903806,0.7074999999999999,1.1881160729236073
-37.5,177.5,12.436363636363636,11.736363636363636,9.833633989276308,2.6027296470873282,0.7000000000000001,1.34907242326158
-32.5,-72.5,14.743661971830985,13.778873239436619,14.365946326457278,1.8652004295671487,0.9647887323943662,1.2788385099131765
-32.5,-67.5,13.828571428571427,13.085714285714285,10.870592389787946,2.9579790387834817,0.7428571428571422,1.5451969851357483
-32.5,-62.5,16.88235294117647,16.274509803921568,14.531564869600183,2.3507880715762877,0.6078431372549025,1.223078569222269
-32.5,-57.5,16.856363636363636,16.35909090909091,13.829902676669034,3.026460959694602,0.4972727272727273,1.6230812323608241
-32.5,-52.5,18.35,18.0,15.439957885742189,2.910042114257813,0.34999999999999964,1.590554157636562
-32.5,17.5,16.454497354497356,15.79074074074074,14.168367497883144,2.286129856614208,0.6637566137566132,1.1802791755987445
-32.5,22.5,16.801655629139074,16.185430463576157,13.64400556703277,3.1576500621063026,0.6162251655629138,1.6814684181982946
-32.5,27.5,17.171794871794873,16.59259259259259,13.540929919294483,3.6308649525003895,0.5792022792022792,1.9563228491024183
-32.5,32.5,20.4296875,19.83125,17.947881174087524,2.481806325912475,0.5984375000000004,1.295516073567577
-32.5,112.5,17.0,16.5,14.700169372558594,2.2998306274414055,0.5,1.2095874780542368
-32.5,117.5,18.246341463414634,17.81219512195122,16.41457210633813,1.8317693570765046,0.4341463414634151,0.9578847206621067
-32.5,132.5,17.6,17.05,16.15,1.4500000000000002,0.5499999999999989,0.7322221069922776
-32.5,137.5,15.836111111111112,15.25,13.308372285630968,2.527738825480143,0.5861111111111108,1.3233401206570572
-32.5,142.5,17.174999999999997,16.6,13.774895477294923,3.4001045227050772,0.5749999999999993,1.8199662144859472
-32.5,147.5,14.231578947368419,13.642105263157895,9.868263987491005,4.363314959877416,0.589473684210526,2.367501893978375
-32.5,152.5,17.020422535211267,16.348591549295776,13.545641719119649,3.4747808160916183,0.6718309859154927,1.8437751103204025
-27.5,-72.5,18.816666666666666,18.03333333333333,20.469076029459632,1.652409362792967,0.783333333333335,1.2435726802032037
-27.5,-67.5,17.45,16.425,16.67336959838867,0.7766304016113281,1.0250000000000004,0.629644267016373
-27.5,-62.5,18.6,17.6,17.796070861816407,0.8039291381835945,1.0,0.5298971349979235
-27.5,-57.5,21.23846153846154,20.638461538461538,18.680685659555287,2.5577758789062504,0.6000000000000002,1.3380265052333074
-27.5,-52.5,19.12439024390244,19.009756097560974,16.176277793326026,2.9481124505764105,0.19268292682926844,1.6729825331883825
-27.5,-47.5,20.011290322580646,19.64516129032258,16.974537535636653,3.0367527869439894,0.3661290322580644,1.6582410739491413
-27.5,17.5,18.29,17.61,16.620916328430177,1.6690836715698247,0.6799999999999998,0.9485933141940739
-27.5,22.5,18.81,18.11,13.56939842224121,5.240601577758789,0.6999999999999993,2.846347980681986
-27.5,27.5,15.030035971223024,14.439028776978418,9.5908597335541,5.4391762376689226,0.5910071942446037,2.984504643101989
-27.5,32.5,20.307592891760905,19.814378029079162,17.00564484234195,3.3019480494189537,0.49321486268174525,1.7830592302084594
-27.5,47.5,23.7,23.3,20.699748229980468,3.0002517700195312,0.3999999999999986,1.6290498228003465
-27.5,112.5,20.52,20.02,19.020469970703125,1.499530029296875,0.5,0.7635062310590303
-27.5,117.5,20.5,20.1,18.900083923339842,1.5999160766601577,0.3999999999999986,0.8326193651546445
-27.5,147.5,21.4,20.9,16.999916076660156,4.400083923339842,0.5,2.4090590535700738
-27.5,152.5,19.729746835443038,19.131012658227846,16.10585828370686,3.6238885517361803,0.5987341772151901,1.9428477617726563
-22.5,-67.5,15.84,14.75,15.237459163665772,0.6025408363342273,1.0899999999999996,0.746171152791319
-22.5,-62.5,17.733333333333334,16.900000000000002,15.464437866210938,2.268895467122396,0.8333333333333321,1.2268757624848101
-22.5,-57.5,23.0,22.4,20.49983367919922,2.50016632080078,0.6000000000000014,1.3052115842761585
-22.5,-52.5,21.816666666666666,21.483333333333334,18.199025472005207,3.617641194661459,0.3333333333333333,1.9995895265784982
-22.5,-47.5,20.66521739130435,20.218840579710143,16.740650851484656,3.9245665398196894,0.44637681159420284,2.148951758168171
-22.5,-42.5,22.46206896551724,22.125862068965517,18.915939620445513,3.5461293450717273,0.38793103448275895,1.9627716361684884
-22.5,12.5,20.493333333333332,19.62666666666667,21.346995646158856,1.0401393636067706,0.8666666666666659,0.9385644943162342
-22.5,17.5,19.832142857142856,19.004464285714285,16.428752531324115,3.403390325818743,0.8276785714285718,1.7767150406293013
-22.5,22.5,22.7,22.3,18.1,4.599999999999998,0.3999999999999986,2.548201980482185
-22.5,27.5,19.05655737704918,18.571311475409836,14.159376532132509,4.897180844916671,0.4852459016393446,2.6983254834156263
-22.5,32.5,20.61404833836858,20.15498489425982,16.538889235528213,4.075159102840367,0.45906344410876165,2.2323138484763487
-22.5,42.5,25.3,24.899999999999995,21.70066986083985,3.5993301391601555,0.40000000000000213,1.9727683928093365
-22.5,47.5,18.01764705882353,17.38823529411765,13.770253933177273,4.247393125646256,0.6294117647058837,2.2923293152485855
-22.5,57.5,23.287301587301585,22.72063492063492,20.276885889446923,3.010415697854663,0.5666666666666662,1.6042073335161475
-22.5,112.5,24.5,24.1,22.599998474121094,1.9000015258789062,0.3999999999999986,1.0016661433149954
-22.5,147.5,23.605882352941176,23.105882352941176,20.428944037942326,3.1769383149988517,0.5,1.7085288058566086
-22.5,152.5,22.925,22.325,19.174748611450195,3.750251388549806,0.6000000000000005,2.0158416406686355
-22.5,162.5,23.35,22.6,21.00046081542969,2.349539184570311,0.75,1.2119336266149356
-22.5,167.5,22.7,22.2,20.380435791015625,2.319564208984372,0.5,1.2207456938598464
-17.5,-67.5,10.55,9.7,4.249416255950927,6.300583744049073,0.8500000000000001,3.418873223287256
-17.5,-62.5,23.9,23.2,21.699163818359374,2.200836181640625,0.6999999999999993,1.1244397970056095
-17.5,-57.5,26.35,25.95,23.549999999999997,2.8000000000000007,0.40000000000000036,1.5145505606122391
-17.5,-52.5,24.0,23.600000000000005,20.90108642578125,3.0989135742187486,0.3999999999999986,1.6855958304399588
-17.5,-47.5,21.771428571428572,21.985714285714288,17.25692879813058,4.514499773297991,0.21428571428571427,2.670622724424418
-17.5,-42.5,23.05238095238095,22.995238095238093,19.204650442940846,3.8477305094401038,0.15238095238095217,2.2068375806127216
-17.5,-37.5,24.400000000000002,24.266666666666666,21.667084248860675,2.7329157511393234,0.13333333333333286,1.5420890095038373
-17.5,12.5,21.166666666666668,20.333333333333332,16.63338826497396,4.533278401692709,0.8333333333333334,2.413139551545691
-17.5,17.5,22.79285714285714,21.95714285714286,18.06406090146019,4.728796241396949,0.8357142857142856,2.5239745872774018
-17.5,22.5,22.704166666666666,22.22083333333333,18.24153378804525,4.462632878621419,0.4833333333333332,2.4493194298055907
-17.5,27.5,22.172727272727272,21.694545454545455,18.597745555530896,3.5749817171963776,0.4781818181818171,1.942056424045306
-17.5,32.5,19.033333333333335,17.9,14.022127787272135,5.0112055460611975,1.1333333333333337,2.628334525273939
-17.5,37.5,23.6,22.7,19.900082397460938,3.699917602539063,0.9000000000000021,1.9295478246896127
-17.5,47.5,18.4,17.7,12.850587844848633,5.549412155151366,0.6999999999999993,3.0223076517132808
-17.5,147.5,23.57,23.055,19.903710479736326,3.666289520263672,0.5149999999999997,1.9850850191526228
-12.5,-77.5,19.185714285714287,18.385714285714283,17.91534787586757,2.12836811883109,0.8000000000000007,1.4280343376335252
-12.5,-72.5,22.0,21.1,18.201416015625,3.798583984375,0.8999999999999986,1.984986540711108
-12.5,-67.5,25.266666666666666,24.53333333333333,22.99994405110677,2.266722615559896,0.7333333333333343,1.1608811257190228
-12.5,-47.5,22.7,22.5,18.235924275716147,4.464075724283853,0.1999999999999993,2.521584180901586
-12.5,-42.5,20.6,20.3,16.8994140625,3.7005859375000014,0.3000000000000007,2.055412407893913
-12.5,-37.5,25.46,24.880000000000003,21.939999389648438,3.520000610351565,0.5799999999999997,1.8901194304647533
-12.5,22.5,22.100000000000005,21.7,18.4,3.700000000000003,0.40000000000000213,2.0305992547357388
-12.5,27.5,20.9,20.442857142857143,15.543335832868305,5.3566641671316955,0.4571428571428565,2.9696297445000117
-12.5,32.5,22.049999999999997,21.299999999999997,17.29857406616211,4.75142593383789,0.75,2.5547119217712058
-12.5,42.5,23.7,23.6,21.003762817382814,2.6962371826171854,0.09999999999999787,1.5286236976079435
-12.5,47.5,26.3,26.0,23.200502014160158,3.099497985839843,0.3000000000000007,1.7094870934945459
-12.5,132.5,27.75,27.25,24.2,3.5500000000000007,0.5,1.9215915683904188
-7.5,-82.5,23.5,22.399999999999995,23.59991607666016,0.09991607666015767,1.1000000000000014,0.6658055038075648
-7.5,-77.5,22.85,21.95,18.701419830322266,4.148580169677736,0.9000000000000021,2.182284803386394
-7.5,-62.5,25.3,24.9,22.299832153320313,3.0001678466796875,0.40000000000000213,1.6290017361949776
-7.5,-57.5,24.9,24.1,21.4,3.5,0.7999999999999972,1.8339392937971897
-7.5,-42.5,28.0,27.6,23.29966583251953,4.70033416748047,0.3999999999999986,2.6059552067646994
-7.5,-37.5,26.33076923076923,25.700000000000003,21.5999032827524,4.730865948016827,0.630769230769231,2.5707648173693034
-7.5,-32.5,26.214285714285715,25.557142857142857,21.899617658342635,4.31466805594308,0.6571428571428568,2.3249248772243063
-7.5,37.5,25.662499999999998,25.358333333333334,22.79982852935791,2.86267147064209,0.3041666666666673,1.5732098251877453
-7.5,107.5,26.607894736842105,26.076315789473682,22.46290528146844,4.144989455373664,0.5315789473684214,2.255525655464784
-7.5,112.5,25.91290322580645,25.467741935483872,21.94420845277848,3.9686947730279742,0.44516129032258017,2.174492932014108
-7.5,117.5,26.46,25.880000000000003,23.100735473632813,3.3592645263671885,0.5800000000000012,1.7979307931424806
-2.5,-92.5,22.94,22.54,20.55991638183594,2.380083618164062,0.4,1.275890511896821
-2.5,-82.5,23.4,22.68,21.918731079101562,1.4812689208984389,0.7200000000000003,0.7627615145124872
-2.5,-77.5,15.018518518518519,14.385185185185184,9.44068222488794,5.577836293630578,0.6333333333333334,3.056462973363895
-2.5,-57.5,26.566666666666666,24.96666666666667,22.26677754720052,4.299889119466145,1.6000000000000003,2.1732635868528036
-2.5,-42.5,27.139999999999997,26.6,22.820334167480468,4.319665832519531,0.5400000000000006,2.354299799048703
-2.5,-37.5,27.316666666666666,26.833333333333332,23.64967981974284,3.6669868469238285,0.4833333333333331,1.9924624944326845
-2.5,27.5,21.43125,20.53125,15.575008153915405,5.856241846084594,0.899999999999999,3.1538477137573366
-2.5,32.5,21.251162790697673,20.713953488372095,16.52827095209166,4.722891838606014,0.5372093023255806,2.586089161669864
-2.5,37.5,21.416326530612245,21.04591836734694,16.745595704292764,4.67073082631948,0.3704081632653057,2.6000373219912736
-2.5,42.5,26.600000000000005,25.900000000000002,24.299859110514323,2.3001408894856774,0.7000000000000005,1.194353624615477
-2.5,57.5,26.53333333333333,25.900000000000002,23.866806030273438,2.6665273030598953,0.6333333333333316,1.3934311483777737
-2.5,102.5,26.2,25.7,22.199916076660156,4.000083923339844,0.5,2.179497605113921
-2.5,117.5,25.25,24.666666666666668,21.93118108113607,3.3188189188639328,0.5833333333333345,1.7721985739119326
-2.5,122.5,18.6,18.0,14.701766967773438,3.898233032226564,0.6000000000000014,2.0989903091888706
2.5,-77.5,17.636363636363637,16.954545454545453,12.017711344632234,5.618652291731401,0.681818181818182,3.067120055790038
2.5,-72.5,19.599999999999998,18.88235294117647,13.635279913509592,5.9647200864904075,0.7176470588235296,3.257199457781482
2.5,-52.5,25.823076923076922,25.03846153846154,22.47676239013672,3.3463145329402053,0.7846153846153837,1.7509252204500714
2.5,7.5,23.333333333333332,22.483333333333334,20.52912572224935,2.8042076110839838,0.8500000000000009,1.4403852266748285
2.5,12.5,23.0,22.35,18.949581909179688,4.050418090820312,0.6499999999999986,2.1752931457685065
2.5,32.5,20.83125,20.24375,17.156223583221436,3.6750264167785653,0.5875000000000012,1.9745094030554087
2.5,37.5,20.3,19.85,15.301046752929686,4.998953247070314,0.45000000000000107,2.7654628146653857
2.5,72.5,27.90833333333333,27.208333333333332,24.49189631144206,3.416437021891275,0.6999999999999987,1.8051485772151616
2.5,97.5,23.818181818181817,23.19090909090909,19.18575869473544,4.632423123446378,0.6272727272727278,2.5133961065055233
2.5,102.5,26.647640449438203,26.17955056179775,21.835041853658268,4.812598595779933,0.46808988764044884,2.654105227469701
2.5,112.5,26.353846153846156,25.73846153846154,22.09277860201322,4.261067551832934,0.6153846153846151,2.303209968465873
2.5,117.5,27.0,26.0,23.10016632080078,3.8998336791992188,1.0,2.02557555986912
7.5,-87.5,26.5,25.8,23.301754760742188,3.198245239257812,0.6999999999999993,1.681269455198937
7.5,-82.5,23.096774193548388,22.506451612903227,19.222586822509765,3.8741873710386217,0.5903225806451599,2.0874065313418573
7.5,-77.5,20.763636363636365,20.060606060606062,15.754682783647016,5.008953579989346,0.703030303030302,2.712378109778153
7.5,-72.5,20.62857142857143,19.542857142857144,15.872432000296456,4.756139428274972,1.0857142857142856,2.5184511023230107
7.5,-52.5,26.17142857142857,25.557142857142857,23.035403660365514,3.136024911063058,0.6142857142857141,1.6619688218690511
7.5,-2.5,26.419999999999998,25.919999999999998,22.460292053222656,3.959707946777345,0.5,2.1563505903113196
7.5,2.5,26.614285714285717,26.0,22.77153581891741,3.8427498953683035,0.6142857142857144,2.0644447376772463
7.5,32.5,26.1,25.7,22.2,3.900000000000002,0.40000000000000213,2.1455380055672135
7.5,37.5,17.0,16.322222222222223,11.809228642781575,5.1907713572184235,0.6777777777777759,2.823377019158612
7.5,72.5,28.1,27.1,24.49983367919922,3.6001663208007812,1.0,1.858407133060232
7.5,77.5,26.857575757575756,26.35151515151515,22.73738907322739,4.120186684348367,0.5060606060606062,2.247635496115169
7.5,82.5,25.54255319148936,25.0468085106383,21.74761914192362,3.7949340495657413,0.4957446808510636,2.0635987947012198
7.5,97.5,27.189285714285713,26.664285714285715,22.421734019688195,4.7675516945975165,0.5249999999999997,2.6146769434702075
7.5,102.5,26.7,26.135416666666668,21.346559619903562,5.353440380096434,0.5645833333333331,2.941709613838262
7.5,117.5,25.623529411764704,25.052941176470586,21.523824355181524,4.09970505658318,0.5705882352941168,2.2207430252414286
7.5,122.5,26.866666666666667,26.022222222222222,22.866592407226562,4.000074259440104,0.8444444444444458,2.112058496437209
12.5,-92.5,16.6,15.9,12.801841735839844,3.7981582641601577,0.7000000000000011,2.0213275682659644
12.5,-87.5,25.1,24.35,21.699957275390624,3.400042724609376,0.7499999999999982,1.7864392113534482
12.5,-82.5,23.53333333333333,22.90833333333333,20.148788452148438,3.3845448811848953,0.6249999999999997,1.8014625269269027
12.5,-77.5,27.2,26.1,24.300418090820312,2.8995819091796875,1.0999999999999979,1.4637890499140085
12.5,-72.5,26.357142857142858,25.585714285714285,22.472120448521206,3.885022408621651,0.7714285714285717,2.0571763219991035
12.5,-67.5,26.905555555555555,26.288888888888888,22.177903578016494,4.727651977539062,0.6166666666666671,2.572527452983634
12.5,-62.5,26.4,25.59,23.019716033935545,3.3802839660644537,0.8099999999999994,1.7792106907768095
12.5,-17.5,26.583333333333332,26.233333333333334,24.122362009684245,2.4609713236490887,0.34999999999999964,1.3345493668649564
12.5,-12.5,28.91818181818182,28.69090909090909,24.581703879616477,4.336477938565341,0.22727272727272696,2.4407875511208834
12.5,-2.5,28.58888888888889,27.688888888888886,23.1887210422092,5.40016784667969,0.9000000000000017,2.8931909552315775
12.5,17.5,26.45185185185185,26.45185185185185,22.552912281177665,3.898939570674188,0.0,2.2510538106828264
12.5,72.5,27.466666666666665,26.866666666666664,23.678076171875,3.788590494791667,0.600000000000001,2.0363638506559303
12.5,77.5,26.04236111111111,25.397916666666667,20.399451955159506,5.642909155951606,0.6444444444444445,3.0891869500108817
12.5,82.5,28.32439024390244,27.636585365853655,24.04368732731517,4.280702916587271,0.68780487804878,2.2989893802875305
12.5,92.5,27.2,26.69090909090909,23.663879949396303,3.5361200506036927,0.5090909090909079,1.9133253032490016
12.5,97.5,26.49090909090909,25.968181818181815,21.267513621937145,5.223395468971946,0.5227272727272726,2.87696464740221
12.5,102.5,27.688888888888886,26.977777777777778,21.418457678592564,6.270431210296323,0.7111111111111111,3.433541716880291
12.5,107.5,24.726666666666667,24.163333333333334,19.417384287516274,5.309282379150391,0.5633333333333339,2.9164399495190882
12.5,117.5,27.442857142857143,26.885714285714283,23.02886134556362,4.413995797293526,0.5571428571428585,2.403952626189563
12.5,122.5,27.195652173913043,26.47391304347826,22.787299114724863,4.40835305918818,0.7217391304347827,2.3654751552018825
17.5,-157.5,18.744444444444444,18.211111111111112,16.058180999755862,2.686263444688586,0.5333333333333334,1.4230031653869264
17.5,-102.5,23.825,22.725,18.60254821777344,5.222451782226562,1.1000000000000005,2.759207409518761
17.5,-97.5,18.077777777777776,17.194444444444443,9.778863806194728,8.29891397158305,0.8833333333333337,4.559087156465095
17.5,-92.5,24.4,23.9,19.499998474121092,4.900001525878906,0.5,2.6962946297141537
17.5,-87.5,26.300000000000004,25.74285714285714,22.600334385463167,3.699665614536831,0.5571428571428589,1.9959389660457252
17.5,-82.5,27.0,26.6,22.700083923339843,4.299916076660157,0.3999999999999986,2.3755218258771706
17.5,-77.5,25.233333333333334,25.0,21.301113891601563,3.9322194417317697,0.23333333333333192,2.2060736771890217
17.5,-67.5,26.75,26.5,22.399498748779298,4.350501251220702,0.25,2.4429145237872327
17.5,-62.5,26.4,26.05,21.600041961669923,4.799958038330079,0.34999999999999964,2.676040586223377
17.5,-27.5,23.2,22.6,18.498077392578125,4.701922607421874,0.5999999999999979,2.5590963666713686
17.5,-22.5,23.3,22.7,19.000167846679688,4.299832153320313,0.6000000000000014,2.328709031111087
17.5,-12.5,29.5,28.2,24.199832153320312,5.300167846679688,1.3000000000000007,2.762339648576523
17.5,72.5,26.465555555555557,26.07777777777778,22.506802012125654,3.9587535434299044,0.38777777777777817,2.1830478358126215
17.5,77.5,26.493939393939396,25.845454545454544,20.22694970333215,6.266989690607246,0.6484848484848484,3.4467735898440033
17.5,82.5,27.146666666666665,26.433333333333334,22.1532866414388,4.993380025227864,0.7133333333333337,2.701112293792555
17.5,97.5,23.491999999999997,23.244,16.688571838378905,6.8034281616210945,0.2480000000000001,3.8584554530758344
17.5,102.5,26.12857142857143,25.714285714285715,19.61933106921968,6.5092403593517485,0.4142857142857141,3.6453075143934575
17.5,107.5,24.1027027027027,23.45945945945946,19.174316035090268,4.928386667612437,0.6432432432432433,2.679396338028763
17.5,112.5,24.78333333333333,24.133333333333336,20.01688919067383,4.766444142659505,0.6500000000000004,2.58692842517808
17.5,122.5,25.15,24.525,19.840110778808594,5.309889221191406,0.6250000000000004,2.9022788868818736
22.5,-157.5,22.866666666666667,22.546666666666667,20.100323282877604,2.766343383789063,0.3200000000000008,1.5155356026020324
22.5,-112.5,25.2,24.4,22.799916076660157,2.4000839233398423,0.8000000000000007,1.222065969359878
22.5,-107.5,25.231325301204816,23.819277108433734,22.99372122890978,2.2376040722950408,1.4120481927710842,1.1446438427836554
22.5,-102.5,19.47142857142857,17.714285714285715,11.24257093157087,8.228857639857702,1.7571428571428582,4.335288553494867
22.5,-87.5,26.0,25.52,22.18001708984375,3.81998291015625,0.4800000000000004,2.081636189217881
22.5,-82.5,24.96666666666667,24.5,21.200306701660157,3.7663599650065103,0.4666666666666662,2.0539337848180645
22.5,-17.5,22.4,21.8,20.0,2.3999999999999986,0.5999999999999979,1.2489995996796792
22.5,52.5,28.566666666666666,27.766666666666666,22.566638692220053,6.000027974446614,0.8000000000000007,3.257827154954614
22.5,57.5,26.93913043478261,26.05652173913043,20.201269796620245,6.737860638162364,0.8826086956521739,3.6622852488532542
22.5,67.5,26.65,25.8,22.20012588500977,4.449874114990234,0.8499999999999996,2.3623358225013376
22.5,72.5,27.6575,27.372499999999995,23.284991607666015,4.372508392333985,0.2850000000000007,2.446693656397767
22.5,77.5,26.91153846153846,26.726923076923075,19.98414318378155,6.9273952777569106,0.1846153846153826,3.9482508591807965
22.5,82.5,25.2,24.5,18.800083923339844,6.399916076660155,0.6999999999999993,3.5104123468443134
22.5,87.5,25.8,23.64375,21.768849658966065,4.0311503410339355,2.1562499999999996,2.081367306123834
22.5,92.5,24.375,22.2,19.574684906005857,4.800315093994142,2.1750000000000007,2.4189114357272903
22.5,97.5,20.900000000000002,20.607142857142858,13.953584616524832,6.946415383475168,0.2928571428571445,3.9310806314251736
22.5,102.5,20.900000000000002,20.366666666666664,14.13311055501302,6.76688944498698,0.533333333333335,3.764594482875314
22.5,107.5,24.233333333333334,23.566666666666666,19.533221435546874,4.700111897786459,0.6666666666666666,2.5435706086865166
22.5,112.5,22.797975708502026,22.142914979757087,17.585771494259237,5.212204214242789,0.6550607287449396,2.8392594960273234
22.5,117.5,22.02777777777778,21.25,15.872854359944661,6.154923417833116,0.7777777777777772,3.3518331550401106
22.5,122.5,21.260952380952382,20.645714285714288,15.264670390628632,5.996281990323748,0.6152380952380957,3.299471069384136
27.5,-112.5,22.1,21.6,17.897242736816406,4.202757263183596,0.5,2.2957780076806693
27.5,-107.5,18.4,17.7,10.398246002197265,8.001753997802734,0.6999999999999993,4.4315850904949015
27.5,-102.5,19.56,18.979999999999997,11.37779327392578,8.182206726074218,0.5800000000000004,4.56745913475119
27.5,-97.5,22.805,22.55625,13.193974447250366,9.611025552749634,0.24874999999999953,5.478625089259578
27.5,-92.5,20.3,20.0,12.300251007080078,7.999748992919923,0.3000000000000007,4.534536332483817
27.5,-82.5,22.737078651685394,22.277528089887642,18.022476830643214,4.714601821042179,0.4595505617977528,2.6007891392508196
27.5,-77.5,25.1,24.3,21.599832153320314,3.5001678466796875,0.8000000000000007,1.8340338671524552
27.5,-17.5,17.662666666666667,17.598,13.443623823801676,4.21904284286499,0.2046666666666664,2.420078243835183
27.5,-12.5,19.513157894736842,19.089473684210525,16.195531383313632,3.3176265114232115,0.4236842105263157,1.8076548696250272
27.5,32.5,24.132727272727273,23.51818181818182,18.685231989080254,5.447495283647017,0.6145454545454552,2.98412894894499
27.5,37.5,20.71395348837209,20.113953488372093,15.115451738224472,5.598501750147619,0.5999999999999979,3.0737666540417283
27.5,47.5,26.6,26.3,18.699581909179688,7.900418090820313,0.3000000000000007,4.477219396847214
27.5,52.5,27.5,26.839999999999996,22.119630737304686,5.380369262695313,0.6599999999999987,2.934601225555967
27.5,57.5,27.88571428571429,27.071428571428573,22.0717287336077,5.813985552106586,0.8142857142857147,3.148227857349443
27.5,62.5,29.2,28.2,22.800167846679688,6.399832153320311,1.0,3.442771143393655
27.5,72.5,25.6,25.3,20.999749755859376,4.600250244140625,0.3000000000000007,2.57372798585202
27.5,77.5,24.857142857142858,23.85,20.500143214634484,4.356999642508372,1.0071428571428565,2.2879120216364606
27.5,82.5,25.599999999999998,24.689473684210526,22.157907987895765,3.4420920121042347,0.9105263157894724,1.78434527216746
27.5,87.5,18.914285714285715,17.7,14.956815774100168,3.957469940185547,1.2142857142857153,2.065152191110627
27.5,92.5,17.50714285714286,15.285714285714286,12.314132608686176,5.193010248456683,2.221428571428572,2.6110806429408595
27.5,97.5,23.7,21.8,19.097984313964844,4.6020156860351555,1.8999999999999986,2.3126261097899667
27.5,102.5,15.333333333333334,14.433333333333332,8.865713628133138,6.467619705200195,0.9000000000000004,3.5079457124598896
27.5,107.5,17.75,17.1,12.649790382385254,5.1002096176147464,0.6500000000000008,2.7776127915187505
27.5,117.5,17.96875,17.38125,11.471425652503967,6.497324347496033,0.5875000000000002,3.5937094291912786
27.5,122.5,21.353125,20.787946428571427,14.934777055467878,6.418347944532122,0.5651785714285704,3.5538189912664206
27.5,127.5,22.66,22.06,17.650267181396483,5.009732818603516,0.6,2.7390478611245395
32.5,-122.5,15.6,14.8,12.70050048828125,2.8994995117187496,0.7999999999999989,1.4974976693451278
32.5,-117.5,18.333333333333332,17.436666666666667,13.892768147786457,4.440565185546875,0.8966666666666665,2.3577588192502175
32.5,-112.5,19.843333333333337,19.410000000000004,11.221888287862141,8.621445045471193,0.43333333333333346,4.857603613801638
32.5,-107.5,10.7,10.4,-0.30108473300933836,11.001084733009337,0.29999999999999893,6.266672160005084
32.5,-102.5,19.8,19.5,9.000000762939454,10.799999237060547,0.3000000000000007,6.150609285520425
32.5,-97.5,19.183018867924527,18.866037735849055,7.149376836812721,12.033642031111807,0.31698113207547174,6.857997211214013
32.5,-92.5,18.380000000000003,18.07,6.840142211914062,11.539857788085937,0.31000000000000083,6.575089158093901
32.5,-87.5,19.422222222222224,19.044444444444444,11.683621258205838,7.738600964016385,0.3777777777777778,4.363178234314675
32.5,-82.5,18.644444444444446,18.194444444444443,11.294676695929633,7.349767748514812,0.4500000000000003,4.120173363625308
32.5,-77.5,19.6,19.1,13.000251770019531,6.59974822998047,0.5,3.6745431727014317
32.5,-17.5,16.746666666666666,16.676666666666666,13.523650131225587,3.2230165354410816,0.07000000000000034,1.8415583914088987
32.5,-7.5,18.722641509433963,18.037735849056602,15.95038550035009,2.7722560090838746,0.6849056603773587,1.457693371446414
32.5,-2.5,20.03333333333333,19.03846153846154,13.281391730675331,6.751941602658003,0.9948717948717951,3.646911175177511
32.5,22.5,18.8,18.5,14.199415588378907,4.600584411621094,0.3000000000000007,2.57392058961711
32.5,27.5,20.7,20.1,16.3,4.399999999999999,0.5999999999999979,2.3860706890897703
32.5,32.5,20.00769230769231,19.547252747252745,15.83893805982429,4.1687542478680175,0.4604395604395607,2.2858316391474895
32.5,37.5,18.915555555555557,18.412888888888887,14.7163592054579,4.199196350097656,0.5026666666666667,2.293307067557491
32.5,47.5,26.6,26.2,20.399664306640624,6.200335693359378,0.40000000000000213,3.4700638050331083
32.5,72.5,24.96,23.91,21.20001663208008,3.759983367919921,1.05,1.9489246161550944
32.5,77.5,20.366666666666667,19.022222222222222,17.59053632948134,2.7761303371853288,1.3444444444444437,1.3899704404973876
32.5,102.5,16.880000000000003,15.893333333333334,12.193529663085936,4.686470336914064,0.9866666666666665,2.471194280634116
32.5,107.5,12.95,12.225,5.623996964097023,7.326003035902977,0.7250000000000003,4.036949956372465
32.5,112.5,16.36521739130435,15.717391304347826,10.343215643841287,6.02200174746306,0.647826086956521,3.305902507825217
32.5,117.5,15.868421052631579,15.210526315789474,9.621277337325246,6.247143715306333,0.6578947368421054,3.4327738968235137
32.5,122.5,16.63,16.025714285714287,10.332920390537808,6.297079609462193,0.604285714285715,3.4743922444936675
32.5,132.5,16.119999999999997,15.51,7.679663009643555,8.440336990356446,0.6099999999999992,4.706942236176804
32.5,137.5,15.833333333333334,15.233333333333333,7.200371636284722,8.63296169704861,0.5999999999999996,4.82038238606613
37.5,-122.5,14.63888888888889,13.864814814814816,11.392203352186415,3.2466855367024743,0.7740740740740741,1.7077639974725558
37.5,-117.5,16.45,15.375,6.675292754173279,9.774707245826722,1.0750000000000002,5.361026792125386
37.5,-112.5,14.1,13.033333333333331,2.864938735961914,11.235061264038086,1.0666666666666675,6.201774569544806
37.5,-107.5,9.733333333333333,9.016666666666667,-1.8028976897398632,11.536231023073197,0.7166666666666668,6.465005598326847
37.5,-102.5,9.2,8.75,-2.1504184722900392,11.350418472290038,0.4500000000000002,6.427242120211773
37.5,-97.5,13.24,12.819999999999999,-4.5398492431640625,17.779849243164062,0.4199999999999996,10.146169377219039
37.5,-92.5,14.033333333333335,13.7,-2.1886009958055284,16.22193432913886,0.3333333333333337,9.27106831477365
37.5,-87.5,15.299999999999999,14.966666666666667,2.3333613713582353,12.966638628641766,0.3333333333333333,7.3921002689479325
37.5,-82.5,12.866666666666667,12.511111111111111,-2.688628530502319,15.555295197168984,0.35555555555555546,8.880150321576924
37.5,-77.5,13.939285714285715,13.37142857142857,-0.7069574313504355,14.64624314563615,0.5678571428571428,8.297159677113674
37.5,-72.5,12.7,12.1,-1.5996652603149415,14.29966526031494,0.5999999999999996,8.088276029762028
37.5,-7.5,17.88181818181818,17.181818181818183,15.309380826083098,2.572437355735085,0.6999999999999994,1.3302154125032195
37.5,-2.5,18.95483870967742,18.05483870967742,15.796376332929059,3.1584623767483615,0.8999999999999988,1.6274957767151454
37.5,2.5,18.677777777777777,17.86888888888889,14.042903171115451,4.634874606662326,0.8088888888888868,2.47570349423394
37.5,7.5,17.696428571428573,16.90714285714286,13.1857971736363,4.51063139779227,0.7892857142857125,2.4096842259720783
37.5,12.5,18.7,18.1,14.100416564941407,4.599583435058593,0.5999999999999979,2.500427811064222
37.5,17.5,17.9,17.2,12.696321105957031,5.203678894042968,0.6999999999999993,2.8240454910451995
37.5,27.5,17.522222222222222,16.91111111111111,12.144147237141928,5.378074985080295,0.6111111111111105,2.944604951231309
37.5,32.5,16.734615384615385,16.096153846153847,11.16890336550199,5.565712019113393,0.6384615384615377,3.046514393830457
37.5,37.5,15.65,14.899999999999999,9.299834060668946,6.350165939331055,0.7500000000000009,3.4701733304989215
37.5,42.5,15.7,14.7,7.798908996582031,7.901091003417968,1.0,4.3021757302119585
37.5,52.5,14.614285714285714,13.814285714285715,5.646527317592075,8.967758396693638,0.7999999999999992,4.962767281559977
37.5,112.5,11.959999999999999,11.120000000000001,4.618539984226226,7.341460015773774,0.8400000000000002,4.018127605603113
37.5,117.5,12.986666666666668,12.379999999999999,6.186590023040771,6.8000766436258955,0.6066666666666669,3.7633793931637984
37.5,122.5,13.072727272727274,12.536363636363637,6.2366985321044925,6.836028740622781,0.5363636363636366,3.801490266182593
37.5,127.5,12.6,11.890909090909092,4.137932407494747,8.462067592505253,0.7090909090909089,4.694379454767343
37.5,137.5,14.633136094674557,13.946153846153846,6.498109967639041,8.135026127035514,0.6869822485207102,4.511729574002852
37.5,142.5,14.090909090909092,13.318181818181818,6.95479540608146,7.136113684827631,0.772727272727273,3.916606206542013
42.5,-122.5,11.316666666666668,10.941666666666668,7.209042851130167,4.1076238155365,0.3750000000000003,2.271537551737829
42.5,-112.5,9.799999999999999,8.799999999999999,-3.749178632100423,13.549178632100423,1.0000000000000002,7.55099220788347
42.5,-107.5,6.65,6.25,-5.455220031738281,12.10522003173828,0.40000000000000036,6.8763943886486745
42.5,-102.5,10.05,9.65,-4.349373054504395,14.399373054504395,0.39999999999999947,8.200490910366721
42.5,-92.5,8.033333333333333,7.266666666666666,-12.499499003092447,20.53283233642578,0.7666666666666675,11.639688360030851
42.5,-87.5,9.5,8.816666666666668,-11.649581909179688,21.149581909179688,0.6833333333333328,12.018332747503662
42.5,-82.5,8.966666666666667,8.183333333333334,-14.0330265045166,22.999693171183267,0.7833333333333337,13.058644701388447
42.5,-77.5,9.027272727272727,8.159090909090908,-15.535834919322621,24.56310764659535,0.8681818181818184,13.93769669827263
42.5,-72.5,10.61,9.765,-13.501878657341004,24.111878657341002,0.845,13.683790773048063
42.5,-62.5,7.133333333333333,6.333333333333333,-14.732943216959635,21.86627655029297,0.7999999999999998,12.400014047907513
42.5,27.5,14.555555555555555,13.844444444444443,10.433752271864149,4.1218032836914045,0.7111111111111104,2.2033319682286474
42.5,37.5,12.06875,11.82215909090909,7.332704804160378,4.736045195839622,0.24659090909090867,2.666430508933612
42.5,42.5,11.387500000000001,10.5875,8.110088968276978,3.2774110317230223,0.8000000000000006,1.708933382039772
42.5,47.5,12.74300518134715,12.11295336787565,9.388730166736662,3.3542750146104883,0.6300518134715027,1.7830405756146763
42.5,67.5,13.700000000000001,12.4,7.849751281738282,5.850248718261718,1.2999999999999998,3.071926698731183
42.5,72.5,12.1,10.699999999999998,6.999079895019531,5.100920104980468,1.4000000000000004,2.6355326957069667
42.5,77.5,3.905882352941177,2.370588235294118,-1.223026533687816,5.1289088866289925,1.535294117647059,2.639102128037381
42.5,112.5,7.1,6.2,-1.1000036239624023,8.200003623962402,0.8999999999999995,4.497038142727217
42.5,117.5,11.66,10.863999999999999,4.461627325057984,7.198372674942017,0.7960000000000007,3.9463548585400003
42.5,142.5,7.199999999999999,5.96923076923077,-1.3456789759489207,8.54567897594892,1.2307692307692306,4.62659955996045
42.5,147.5,6.7,4.9,-1.3001693725585937,8.000169372558593,1.7999999999999998,4.19691970850921
47.5,-127.5,10.6,9.85,-3.4488713264465334,14.048871326446534,0.75,7.903595311463741
47.5,-122.5,11.179032258064517,10.5,-0.4273746205914405,11.606406878655957,0.6790322580645162,6.514343634098924
47.5,-117.5,4.0,3.5,-18.79774169921875,22.79774169921875,0.5,13.020345050915358
47.5,-112.5,6.733333333333333,6.133333333333333,-16.16649932861328,22.899832661946615,0.6000000000000002,13.051688042104304
47.5,-107.5,8.0,7.5,-14.100250244140625,22.100250244140625,0.5,12.61772477815193
47.5,-97.5,5.5,4.6,-18.400083923339842,23.900083923339842,0.9000000000000004,13.546388645584743
47.5,-77.5,6.8,5.8,-23.499665832519533,30.299665832519533,1.0,17.212108952031723
47.5,-72.5,6.133333333333333,5.0,-22.733165486653647,28.866498819986976,1.1333333333333335,16.349052249113324
47.5,-62.5,6.4,5.7,-16.299832153320313,22.699832153320315,0.7000000000000002,12.90842744465272
47.5,2.5,11.4,10.9,6.0,5.4,0.5,2.983845393671283
47.5,7.5,10.3,9.5,3.898998260498047,6.401001739501954,0.8000000000000007,3.4876936924709754
47.5,37.5,12.331304347826087,11.981739130434784,7.62702255912449,4.704281788701597,0.34956521739130486,2.621087199391174
52.5,-122.5,4.8,4.2,-23.299832153320313,28.099832153320314,0.5999999999999996,16.05304402860282
52.5,-117.5,8.5,8.0,-19.096571350097655,27.596571350097655,0.5,15.790529488757727
52.5,-112.5,3.8666666666666667,3.233333333333333,-25.89972127278646,29.766387939453125,0.6333333333333333,17.00576278232676
52.5,-7.5,9.5,9.4,-1.1005019187927245,10.600501918792725,0.09999999999999964,6.091540328971235
52.5,2.5,10.512926391382406,10.041472172351886,2.5779664239934785,7.934959967388927,0.4714542190305206,4.451466843326244
52.5,7.5,10.299999999999999,9.798113207547171,2.277347512515086,8.022652487484914,0.5018867924528302,4.494046361772244
52.5,37.5,5.6,5.189473684210527,-7.410535149825248,13.010535149825246,0.4105263157894732,7.395991500267524
52.5,42.5,5.8,5.2,-5.599916458129883,11.399916458129884,0.5999999999999996,6.4155577927790155
52.5,72.5,1.9,1.1,-7.399832916259766,9.299832916259765,0.7999999999999998,5.153866701721496
52.5,77.5,3.25,2.45,-4.7248537063598635,7.9748537063598635,0.8,4.391602148666835
52.5,82.5,2.2797101449275363,1.4782608695652173,-5.798646689152372,8.078356834079909,0.8014492753623188,4.451984729714077
52.5,87.5,2.651190476190476,1.6857142857142857,-3.6427089214324955,6.2938993976229725,0.9654761904761906,3.3910616981040134
52.5,102.5,1.1,0.2,-6.3001667022705075,7.400166702270507,0.9000000000000001,4.037834287063206
52.5,117.5,0.25925925925925924,-0.6444444444444444,-10.433252518265336,10.692511777524597,0.9037037037037037,5.92970013379363
57.5,7.5,6.655339805825243,6.596116504854368,-15.32666656345997,21.982006369285212,0.09611650485436896,12.67441768047973
57.5,12.5,6.5323529411764705,6.509558823529411,-20.844883380216714,27.37723632139318,0.052205882352941234,15.799717081691604
57.5,17.5,6.733333333333333,6.413333333333333,-19.546465657552083,26.279798990885418,0.3200000000000002,15.081161001951083
57.5,22.5,6.0,5.8,-20.299497985839842,26.299497985839842,0.20000000000000018,15.126617761526928
57.5,32.5,4.8,4.5,-20.644219483269584,25.444219483269585,0.2999999999999998,14.60439493343327
57.5,37.5,5.1564598747865675,4.722879908935686,-10.365394557981105,15.521854432767674,0.4335799658508822,8.839075204086107
57.5,42.5,4.52952380952381,4.0095238095238095,-10.39044677734375,14.91997058686756,0.52,8.46824838366913
57.5,57.5,1.8999999999999997,1.4,-9.700083923339843,11.600083923339843,0.5,6.557741101600397
57.5,62.5,2.4608333333333334,2.100833333333333,-8.220767300923665,10.681600634256998,0.36,6.065887322213217
57.5,67.5,1.8394736842105264,1.3394736842105264,-8.470997619628905,10.310471303839433,0.5,5.813817455618488
57.5,72.5,1.325,0.585,-8.854828567504883,10.179828567504883,0.74,5.675975827740502
57.5,82.5,1.1093023255813954,0.5837209302325582,-8.681202733239463,9.790505058820857,0.5255813953488372,5.507309605001363
57.5,87.5,1.2677966101694915,0.7915254237288136,-8.287761274434754,9.555557884604244,0.476271186440678,5.384925827302433
57.5,92.5,0.9125,0.40625000000001277,-8.868755102157593,9.781255102157592,0.5062499999999872,5.506894908146046
62.5,-147.5,-1.8,-2.6,-11.199246215820313,9.399246215820312,0.8,5.211091774697385
62.5,-112.5,-5.5,-6.2,-31.9,26.4,0.7000000000000002,15.04404644147755
62.5,7.5,5.451327433628318,5.347787610619469,-14.228125128281857,19.679452561910175,0.1035398230088495,11.332222870403713
62.5,12.5,5.279310344827586,5.106896551724137,-22.41354496396821,27.692855308795796,0.1724137931034481,15.939001177716978
62.5,17.5,4.073076923076924,3.869230769230769,-26.807682682917665,30.88075960599459,0.20384615384615404,17.770464690632977
62.5,22.5,5.291623578076526,5.046432264736297,-22.862776087827,28.15439966590353,0.24519131334022776,16.184656432568083
62.5,27.5,3.798806682577566,3.536754176610979,-26.22406701791258,30.022873700490145,0.26205250596658713,17.258580331174855
62.5,32.5,5.0,4.6,-20.799832153320313,25.799832153320313,0.40000000000000036,14.781423096555718
62.5,47.5,2.264705882352941,1.964705882352941,-15.994226253733917,18.25893213608686,0.3,10.456272928811451
62.5,57.5,0.35,-0.15000000000000002,-13.000146675109864,13.350146675109864,0.5,7.5675040168958105
62.5,67.5,-0.7,-1.5,-15.999832153320312,15.299832153320313,0.8,8.611716789682877
62.5,77.5,-3.8,-4.4,-21.000083923339844,17.200083923339843,0.6000000000000005,9.761878859726576
67.5,12.5,3.5652173913043477,3.239130434782609,-21.960931595512058,25.526148986816406,0.32608695652173925,14.644340502930113
67.5,17.5,0.32,-0.15999999999999998,-22.480267333984376,22.800267333984376,0.48,13.027494966580253
67.5,22.5,2.35,2.0500000000000003,-31.574825286865234,33.924825286865236,0.2999999999999998,19.50048156831095
67.5,27.5,1.7333333333333332,1.3846153846153846,-30.49734246669671,32.23067580003004,0.34871794871794864,18.508578822574524
67.5,32.5,0.5,-0.2,-25.600250244140625,26.100250244140625,0.7,14.871033226106208
72.5,22.5,1.1,0.4,-25.400083923339842,26.500083923339844,0.7000000000000001,15.101814341304788
72.5,27.5,1.9,1.0,-27.499749755859376,29.399749755859375,0.8999999999999999,16.72020246016656
