"key","speciesKey","scientificName","taxonRank","decimalLatitude","decimalLongitude"
"5277092799",9761484,"Anas platyrhynchos Linnaeus, 1758","SPECIES",30.458154,-84.337015
"5277301953",2495347,"Zenaida macroura (Linnaeus, 1758)","SPECIES",27.990282,-81.870235
"5277958913",7341822,"Setophaga palmarum (J.F.Gmelin, 1789)","SPECIES",28.039749,-81.954082
"5278240436",2493801,"Thryothorus ludovicianus (Latham, 1790)","SPECIES",30.459379,-84.322033
"5278248087",2481875,"Nannopterum auritum (R.P.Lesson, 1831)","SPECIES",30.458957,-84.322092
"5278502829",2478106,"Melanerpes carolinus (Linnaeus, 1758)","SPECIES",28.042917,-81.955154
"5278942346",2480873,"Egretta thula (Molina, 1782)","SPECIES",30.459023,-84.322218
"5279120888",5231677,"Mimus polyglottos (Linnaeus, 1758)","SPECIES",30.456615,-84.336755
"5279428220",2482082,"Anhinga anhinga (Linnaeus, 1766)","SPECIES",28.074328,-81.94303
"5279651049",5229205,"Eudocimus albus (Linnaeus, 1758)","SPECIES",27.990972,-81.87056
"5280399345",2480873,"Egretta thula (Molina, 1782)","SPECIES",30.459047,-84.322155
"5281240280",5232437,"Branta canadensis (Linnaeus, 1758)","SPECIES",30.459542,-84.323075
"5936511220",2482507,"Corvus brachyrhynchos C.L.Brehm, 1822","SPECIES",49.020673,-122.805979
"5936511282",2495414,"Columba livia J.F.Gmelin, 1789","SPECIES",49.020673,-122.805979
"5937566345",12248592,"Physconia elegantula Essl.","SPECIES",34.80176,-111.80524
"5937748304",1947980,"Autochton neis (Geyer, 1832)","SPECIES",8.621311,-80.139711
"5937748307",1902692,"Anthanassa drusilla (Felder, 1861)","SPECIES",8.621311,-80.139711
"5937748308",1948158,"Chiomara georgina (Reakirt, 1868)","SPECIES",26.179819,-98.366518
"5937748309",1950052,"Pompeius pompeius (Latreille, 1824)","SPECIES",8.621311,-80.139711
"5937748310",5132317,"Adelpha fessonia Hewitson, 1847","SPECIES",26.179819,-98.366518
"5937748312",1950197,"Anthoptus epictetus (Fabricius, 1793)","SPECIES",8.640193,-80.128853
"5937748313",5128005,"Anartia fatima Fabricius, 1793","SPECIES",8.640193,-80.128853
"5937748314",4299213,"Siproeta stelenes Linnaeus, 1758","SPECIES",26.179819,-98.366518
"5937748315",1901744,"Magneuptychia libye (Linnaeus, 1767)","SPECIES",8.4481,-80.036598
"5937748316",5142436,"Burnsius oileus (Linnaeus, 1767)","SPECIES",8.640193,-80.128853
"5937748317",1907153,"Anaea aidea (Guérin-Méneville, 1844)","SPECIES",26.179819,-98.366518
"5937748318",1895733,"Eresia ithomioides (Hewitson, 1864)","SPECIES",8.63999,-80.127283
"5937748319",10638244,"Memphis forreri","SPECIES",26.179819,-98.366518
"5937748320",1930361,"Panthiades bathildis (R.F.C.Felder, 1865)","SPECIES",20.804663,-105.464931
"5937748322",1950335,"Achalarus albociliatus Mabille, 1877","SPECIES",26.179819,-98.366518
"5937748323",1914433,"Chlosyne narva (Fabricius, 1793)","SPECIES",8.63999,-80.127283
"5937748324",1919149,"Ganyra josephina (Godart, 1819)","SPECIES",26.179819,-98.366518
"5937748325",1943823,"Astraptes fulgerator (Walchs, 1775)","SPECIES",8.621311,-80.139711
"5937748326",1915339,"Yphthimoides renata Cramer, 1782","SPECIES",8.640193,-80.128853
"5937748327",1951125,"Heliopetes macaira (Reakirt, 1866)","SPECIES",26.179819,-98.366518
"5937748329",4301749,"Copaeodes minima (Edwards, 1870)","SPECIES",26.179819,-98.366518
"5937748332",1923505,"Atlides halesus (Cramer, 1779)","SPECIES",26.179819,-98.366518
"5937748335",1944286,"Urbanus dorantes (Stoll, 1790)","SPECIES",20.804663,-105.464931
"5937748336",5715127,"Hylephila phyleus (Drury, 1773)","SPECIES",26.179819,-98.366518
"5937748337",1919947,"Pyrisitia proterpia (Fabricius, 1775)","SPECIES",20.804663,-105.464931
"5937748339",1925429,"Strymon melinus Hübner, 1818","SPECIES",26.179819,-98.366518
"5937748341",4300384,"Strymon albata (C.Felder & R.Felder, 1865)","SPECIES",20.804663,-105.464931
"5937748342",1942416,"Quasimellana eulogius (Plötz, 1882)","SPECIES",26.179819,-98.366518
"5937748344",1942564,"Paches polla (Mabille, 1888)","SPECIES",20.804663,-105.464931
"5937748345",4300393,"Strymon bazochii (Godart)","SPECIES",26.179819,-98.366518
"5937748347",12206386,"Abaeis mexicana","SPECIES",20.804663,-105.464931
"5937748348",1900233,"Heliconius charithonia (Linnaeus, 1767)","SPECIES",26.179819,-98.366518
"5937748352",1945477,"Eantis tamenund (W.H.Edwards, 1871)","SPECIES",26.179819,-98.366518
"5937748356",5137819,"Eurema daira (Godart, 1819)","SPECIES",20.804663,-105.464931
"5937748358",1892729,"Doxocopa laure (Drury, 1773)","SPECIES",26.179819,-98.366518
"5937748361",NA,"Calephelis Grote & Robinson, 1869","GENUS",20.802768,-105.464906
"5937748363",NA,"Staphylus Godman & Salvin, 1896","GENUS",20.802768,-105.464906
"5937748369",1945302,"Panoquina lucas (Fabricius, 1793)","SPECIES",26.179819,-98.366518
"5937748377",1919128,"Anteos maerula (Fabricius, 1775)","SPECIES",20.802768,-105.464906
"5937748379",1942416,"Mellana eulogius (Plötz, 1883)","SPECIES",20.804663,-105.464931
"5937748380",1919652,"Phoebis agarithe (Boisduval, 1836)","SPECIES",20.802768,-105.464906
"5937748381",11701883,"Dione vanillae (Linnaeus, 1758)","SPECIES",26.179819,-98.366518
"5937748384",1946177,"Callimormus saturnus (Herrich-Schäffer, 1869)","SPECIES",20.804663,-105.464931
"5937748385",1919939,"Pyrisitia lisa (Boisduval & Leconte, 1829)","SPECIES",20.802768,-105.464906
"5937748387",1948521,"Cycloglypha thrasibulus (Fabricius, 1793)","SPECIES",20.804663,-105.464931
"5937748388",4300406,"Rekoa palegon (Cramer, 1780)","SPECIES",20.802768,-105.464906
"5937748389",1930288,"Strymon bebrycia (Hewitson, 1868)","SPECIES",26.179819,-98.366518
"5937748392",1944004,"Spathilepia clonius (Cramer, 1775)","SPECIES",20.804663,-105.464931
"5937748393",1948865,"Zopyrion sandace Godman & Salvin, 1896","SPECIES",20.802768,-105.464906
"5937748396",1950578,"Nastra julia (Freeman, 1944)","SPECIES",26.179819,-98.366518
"5937748397",12170988,"Curvie emesia","SPECIES",26.179819,-98.366518
"5937748400",1892729,"Doxocopa laure (Drury, 1773)","SPECIES",26.179819,-98.366518
"5937748402",1920571,"Aphrissa statira (Cramer, 1777)","SPECIES",20.802768,-105.464906
"5937748404",5142424,"Pyrgus albescens Plötz, 1884","SPECIES",20.804663,-105.464931
"5937748408",1942416,"Mellana eulogius (Plötz, 1883)","SPECIES",20.802768,-105.464906
"5937748411",12170988,"Curvie emesia","SPECIES",20.802768,-105.464906
"5937748413",7661785,"Phoebis marcellina","SPECIES",20.802768,-105.464906
"5937748416",10278292,"Pseudolycaena damo","SPECIES",20.802768,-105.464906
"5937748418",5141324,"Battus polydamas (Linnaeus, 1758)","SPECIES",20.802768,-105.464906
"5937748420",1944283,"Urbanus procne (Plötz, 1881)","SPECIES",20.802768,-105.464906
"5937748431",1900233,"Heliconius charithonia (Linnaeus, 1767)","SPECIES",28.7293,-81.874702
"5937748441",11701883,"Dione vanillae (Linnaeus, 1758)","SPECIES",28.7293,-81.874702
"5937748458",1944935,"Synale cynaxa (Hewitson, 1868)","SPECIES",20.804663,-105.464931
"5937748460",12208168,"Autochton potrillo","SPECIES",26.179819,-98.366518
"5937748461",1937162,"Parides photinus (Doubleday, 1844)","SPECIES",20.804663,-105.464931
"5937748462",1944815,"Synapte malitiosa (Herrich-Schäffer, 1865)","SPECIES",26.179819,-98.366518
"5937748463",NA,"Theope Moore, 1857","GENUS",20.804663,-105.464931
"5937748464",12239491,"Chiothion georgina","SPECIES",8.845343,-79.854536
"5937748465",1914501,"Chlosyne janais (Drury, 1782)","SPECIES",20.804663,-105.464931
"5937748466",NA,"Lepidoptera","ORDER",8.845343,-79.854536
"5937748473",5133595,"Marpesia chiron (Fabricius, 1775)","SPECIES",20.804663,-105.464931
"5937748487",1923505,"Atlides halesus (Cramer, 1779)","SPECIES",32.8494,-97.489799
"5937748493",1919149,"Ganyra josephina (Godart, 1819)","SPECIES",20.804663,-105.464931
"5937748494",1932576,"Ocaria ocrisia (Hewitson, 1868)","SPECIES",20.802768,-105.464906
"5937748497",1902676,"Anthanassa tulcis (Bates, 1864)","SPECIES",20.802768,-105.464906
"5937748499",12247340,"Burnsius albezens Grishin, 2022","SPECIES",20.804663,-105.464931
"5937748500",1949515,"Moeris remus (Fabricius, 1798)","SPECIES",8.845343,-79.854536
"5937748501",1920691,"Melete lycimnia (Cramer, 1777)","SPECIES",20.804663,-105.464931
"5937748502",1949661,"Mylon pelopidas (Fabricius, 1793)","SPECIES",20.802768,-105.464906
"5937748503",5130557,"Nica flavilla Godart, 1823","SPECIES",8.845343,-79.854536
"5937748505",1930288,"Strymon bebrycia (Hewitson, 1868)","SPECIES",20.802768,-105.464906
"5937748506",5137540,"Ascia monuste (Linnaeus, 1764)","SPECIES",20.802768,-105.464906
"5937748509",1951133,"Heliopetes laviana (Hewitson, 1868)","SPECIES",20.804663,-105.464931
"5937748510",5925238,"Dione juno Cramer, 1779","SPECIES",20.802768,-105.464906
"5937748511",1929129,"Strymon istapa (Reakirt, 1867)","SPECIES",20.804663,-105.464931
"5937748512",1937162,"Parides photinus (Doubleday, 1844)","SPECIES",20.802768,-105.464906
"5937748513",1900872,"Heliconius erato (Linnaeus, 1758)","SPECIES",8.845343,-79.854536
"5937748515",NA,"Calephelis Grote & Robinson, 1869","GENUS",20.804663,-105.464931
"5937748516",5133621,"Marpesia petreus (Cramer, 1776)","SPECIES",20.802768,-105.464906
"5937748518",NA,"Staphylus Godman & Salvin, 1896","GENUS",20.804663,-105.464931
"5937748523",1909128,"Dynamine postverta Cramer, 1782","SPECIES",20.802768,-105.464906
"5937748527",1900872,"Heliconius erato (Linnaeus, 1758)","SPECIES",20.804663,-105.464931
"5937748530",1927988,"Hemiargus ceraunus (Fabricius, 1793)","SPECIES",20.804663,-105.464931
"5937748533",1948865,"Zopyrion sandace Godman & Salvin, 1896","SPECIES",20.804663,-105.464931
"5937748536",4299213,"Siproeta stelenes Linnaeus, 1758","SPECIES",20.804663,-105.464931
"5937748540",1946550,"Gorgythion begga (Prittwitz, 1868)","SPECIES",20.802768,-105.464906
"5937748543",1944286,"Urbanus dorantes (Stoll, 1790)","SPECIES",20.802768,-105.464906
"5937748544",1919653,"Phoebis sennae (Linnaeus, 1758)","SPECIES",26.139751,-97.173126
"5937748546",1892729,"Doxocopa laure (Drury, 1773)","SPECIES",20.802768,-105.464906
"5937748547",1919947,"Pyrisitia proterpia (Fabricius, 1775)","SPECIES",26.179819,-98.366518
"5937748549",NA,"Lepidoptera","ORDER",8.84508,-79.854767
"5937748551",NA,"Rekoa Kaye, 1904","GENUS",20.802768,-105.464906
"5937748552",NA,"Lepidoptera","ORDER",8.84508,-79.854767
"5937748553",1928215,"Ministrymon clytie (Edwards, 1877)","SPECIES",26.179819,-98.366518
"5937748554",5128007,"Anartia jatrophae (Linnaeus, 1763)","SPECIES",8.845343,-79.854536
"5937748557",1900131,"Epiphile adrasta Hewitson, 1861","SPECIES",17.0164615,-96.6931952
"5937748559",4299213,"Siproeta stelenes Linnaeus, 1758","SPECIES",8.621311,-80.139711
"5937748563",1902692,"Anthanassa drusilla (Felder, 1861)","SPECIES",8.621311,-80.139711
"5937748565",1924176,"Echinargus isola (Reakirt, 1866)","SPECIES",17.0164615,-96.6931952
"5937748567",NA,"Fountainea Rydon, 1971","GENUS",17.0164615,-96.6931952
"5937748569",5128005,"Anartia fatima Fabricius, 1793","SPECIES",20.804663,-105.464931
"5937748570",5131957,"Biblis hyperia (Cramer, 1779)","SPECIES",26.179819,-98.366518
"5937748571",1917830,"Tegosa anieta (Hewitson, 1864)","SPECIES",8.621311,-80.139711
"5937748572",1902676,"Anthanassa tulcis (Bates, 1864)","SPECIES",26.179819,-98.366518
"5937748573",5128005,"Anartia fatima Fabricius, 1793","SPECIES",8.845343,-79.854536
"5937748576",1946901,"Arteurotia tractipennis Butler & Druce, 1872","SPECIES",17.0164615,-96.6931952
"5937748580",5133265,"Morpho helenor Cramer, 1782","SPECIES",8.621311,-80.139711
"5937748582",1892729,"Doxocopa laure (Drury, 1773)","SPECIES",20.804663,-105.464931
"5937748584",9964857,"Cissia pompilia","SPECIES",8.845343,-79.854536
"5937748585",1942141,"Staphylus mazans (Reakirt, 1866)","SPECIES",20.804663,-105.464931
"5937748587",5128034,"Dryas iulia (Fabricius, 1775)","SPECIES",8.845343,-79.854536
"5937748588",NA,"Cecropterus Herrich-Schäffer, 1869","GENUS",20.804663,-105.464931
"5937748589",NA,"Lepidoptera","ORDER",8.845343,-79.854536
"5937748590",1902676,"Anthanassa tulcis (Bates, 1864)","SPECIES",20.804663,-105.464931
"5937748591",9478718,"Arawacus lincoides (Draudt, 1917)","SPECIES",8.845343,-79.854536
"5937748593",1951083,"Anisochoria pedaliodina (Butler, 1870)","SPECIES",8.845343,-79.854536
"5937748594",1928215,"Ministrymon clytie (Edwards, 1877)","SPECIES",26.179819,-98.366518
"5937748595",1929129,"Strymon istapa (Reakirt, 1867)","SPECIES",20.802768,-105.464906
"5937748596",9392084,"Ectima thecla (Fabricius, 1796)","SPECIES",8.845343,-79.854536
"5937748597",1915193,"Consul fabius (Cramer, 1779)","SPECIES",8.4481,-80.036598
"5937748598",NA,"Lepidoptera","ORDER",8.845343,-79.854536
"5937748599",1923679,"Chlorostrymon simaethis (Drury, 1773)","SPECIES",26.179819,-98.366518
"5937748600",1914465,"Chlosyne lacinia (Geyer, 1837)","SPECIES",20.802768,-105.464906
"5937748601",1902676,"Anthanassa tulcis (Bates, 1864)","SPECIES",8.845343,-79.854536
"5937748603",4300384,"Strymon albata (C.Felder & R.Felder, 1865)","SPECIES",26.179819,-98.366518
"5937748604",NA,"Burnsius Grishin, 2019","GENUS",20.802768,-105.464906
"5937748606",1930422,"Rekoa marius (Lucas, 1857)","SPECIES",26.179819,-98.366518
"5937748607",1900233,"Heliconius charithonia (Linnaeus, 1767)","SPECIES",20.802768,-105.464906
"5937748618",5715127,"Hylephila phyleus (Drury, 1773)","SPECIES",8.845343,-79.854536
"5937748620",1922865,"Calycopis isobeon (Butler & Druce, 1872)","SPECIES",26.179819,-98.366518
"5937748621",1950876,"Celaenorrhinus eligius (Stoll, 1782)","SPECIES",8.664558,-80.201424
"5937748623",1932576,"Ocaria ocrisia (Hewitson, 1868)","SPECIES",26.179819,-98.366518
"5937748627",1946163,"Callimormus radiola (Mabille, 1878)","SPECIES",8.664558,-80.201424
"5937748628",1894329,"Euptoieta hegesia (Cramer, 1779)","SPECIES",8.845343,-79.854536
"5937748629",4299095,"Doxocopa pavon (Latreille, 1809)","SPECIES",26.179819,-98.366518
"5937748631",1892729,"Doxocopa laure (Drury, 1773)","SPECIES",26.179819,-98.366518
"5937748632",5129535,"Hamadryas guatemalena (Bates, 1864)","SPECIES",26.179819,-98.366518
"5937748634",NA,"Fountainea Rydon, 1971","GENUS",26.179819,-98.366518
"5937748636",1918968,"Phyciodes pallescens Felder, 1869","SPECIES",26.179819,-98.366518
"5937748639",1946901,"Arteurotia tractipennis Butler & Druce, 1872","SPECIES",26.179819,-98.366518
"5937748646",5133595,"Marpesia chiron (Fabricius, 1775)","SPECIES",20.802768,-105.464906
"5937748654",1927988,"Hemiargus ceraunus (Fabricius, 1793)","SPECIES",20.802768,-105.464906
"5937748660",5140033,"Leptotes cassius (Cramer, 1775)","SPECIES",20.802768,-105.464906
"5937748662",5128005,"Anartia fatima Fabricius, 1793","SPECIES",20.802768,-105.464906
"5937748665",5140033,"Leptotes cassius (Cramer, 1775)","SPECIES",20.804663,-105.464931
"5937748666",1895886,"Chlosyne theona (Ménétriés, 1855)","SPECIES",20.802768,-105.464906
"5937748669",5133621,"Marpesia petreus (Cramer, 1776)","SPECIES",20.804663,-105.464931
"5937748671",NA,"Telegonus Hübner, 1819","GENUS",20.804663,-105.464931
"5937748674",1919652,"Phoebis agarithe (Boisduval, 1836)","SPECIES",20.804663,-105.464931
"5937748679",5137540,"Ascia monuste (Linnaeus, 1764)","SPECIES",20.804663,-105.464931
"5937748688",11701883,"Dione vanillae (Linnaeus, 1758)","SPECIES",32.74541,-79.913205
"5937748690",4299071,"Melanis pixe (Boisduval, 1836)","SPECIES",20.804663,-105.464931
"5937748691",12170988,"Curvie emesia","SPECIES",26.179819,-98.366518
"5937748692",12191141,"Abaeis salome","SPECIES",8.621311,-80.139711
"5937748695",1900233,"Heliconius charithonia (Linnaeus, 1767)","SPECIES",20.804663,-105.464931
"5937748696",1918280,"Pareuptychia ocirrhoe Fabricius, 1777","SPECIES",8.621311,-80.139711
"5937748699",1895886,"Chlosyne theona (Ménétriés, 1855)","SPECIES",20.804663,-105.464931
"5937748700",5133265,"Morpho helenor Cramer, 1782","SPECIES",8.621311,-80.139711
"5937748702",1900249,"Heliconius doris (Linnaeus, 1771)","SPECIES",8.621311,-80.139711
"5937748704",5129251,"Colobura dirce Linnaeus, 1764","SPECIES",20.804663,-105.464931
"5937748705",1899873,"Tithorea tarricina Hewitson, 1857","SPECIES",8.621311,-80.139711
"5937748707",5141324,"Battus polydamas (Linnaeus, 1758)","SPECIES",20.804663,-105.464931
"5937748708",1948888,"Pythonides proxenus","SPECIES",8.621311,-80.139711
"5937748710",1950019,"Antigonus nearchus (Latreille, 1824)","SPECIES",20.804663,-105.464931
"5937748711",4299211,"Siproeta epaphus (Latreille, 1813)","SPECIES",8.621311,-80.139711
"5937748714",1949661,"Mylon pelopidas (Fabricius, 1793)","SPECIES",20.804663,-105.464931
"5937748717",1950017,"Antigonus erosus (Hübner, 1812)","SPECIES",20.804663,-105.464931
"5937760726",5350438,"Phaseolus lunatus L.","SPECIES",10.00056,-84.06685
"5938026301",5137817,"Eurema mexicana (Boisduval, 1836)","SPECIES",32.338998,-110.982385
"5938026302",1920621,"Abaeis nicippe (Cramer, 1779)","SPECIES",32.338998,-110.982385
"5938026303",5140063,"Leptotes marina (Reakirt, 1868)","SPECIES",32.338998,-110.982385
"5938026304",1920192,"Nathalis iole Boisduval, 1836","SPECIES",32.338998,-110.982385
"5938026309",5133088,"Danaus plexippus (Linnaeus, 1758)","SPECIES",32.338998,-110.982385
"5938026310",1936343,"Calephelis nemesis (Edwards, 1871)","SPECIES",32.338998,-110.982385
"5938026311",5714299,"Danaus gilippus (Cramer, 1775)","SPECIES",32.338998,-110.982385
"5938026312",5141342,"Battus philenor (Linnaeus, 1771)","SPECIES",30.050126,-99.148571
"5938026313",11701883,"Dione vanillae (Linnaeus, 1758)","SPECIES",32.338998,-110.982385
"5938026314",4299368,"Vanessa cardui (Linnaeus, 1758)","SPECIES",32.338998,-110.982385
"5938026315",1920809,"Zerene cesonia (Stoll, 1790)","SPECIES",30.050126,-99.148571
"5938026316",1920192,"Nathalis iole Boisduval, 1836","SPECIES",30.050126,-99.148571
"5938026317",11701883,"Dione vanillae (Linnaeus, 1758)","SPECIES",30.050126,-99.148571
"5938026318",1920621,"Abaeis nicippe (Cramer, 1779)","SPECIES",30.050126,-99.148571
"5938026319",1950578,"Nastra julia (Freeman, 1944)","SPECIES",30.050126,-99.148571
"5938026320",5130696,"Nymphalis californica (Boisduval, 1852)","SPECIES",38.114101,-122.600098
"5938026323",5128005,"Anartia fatima Fabricius, 1793","SPECIES",9.883196,-85.522816
"5938026325",NA,"Hesperiidae","FAMILY",8.364038,-80.273465
"5938026326",1904382,"Smyrna blomfildia Fabricius, 1781","SPECIES",9.883196,-85.522816
"5938026327",1950017,"Antigonus erosus (Hübner, 1812)","SPECIES",8.364038,-80.273465
"5938026328",1949049,"Gesta gesta (Herrich-Schäffer, 1863)","SPECIES",8.364038,-80.273465
"5938027305",2484183,"Euphagus cyanocephalus (Wagler, 1829)","SPECIES",33.19534,-117.384758
"5938027306",2115787,"Semibalanus cariosus (Pallas, 1788)","SPECIES",49.133574,-125.908121
"5938027307",2481776,"Arenaria interpres (Linnaeus, 1758)","SPECIES",26.824508,-80.668194
"5938027309",5229158,"Pelecanus occidentalis Linnaeus, 1766","SPECIES",34.408676,-119.873009
"5938027310",2684487,"Juniperus ashei J.T.Buchholz","SPECIES",32.616491,-96.984908
"5938027311",NA,"Astur Lacepède, 1799","GENUS",35.3504,-120.833078
"5938027312",2481236,"Hydroprogne caspia (Pallas, 1770)","SPECIES",26.824508,-80.668194
"5938027313",2531625,"Phyllotopsis nidulans (Pers.) Singer","SPECIES",38.538057,-123.008093
"5938027315",5358748,"Trifolium repens L.","SPECIES",33.712053,-118.284103
"5938027316",9809229,"Sturnus vulgaris Linnaeus, 1758","SPECIES",49.134057,-123.692009
"5938027317",9476062,"Quiscalus mexicanus (Gmelin, 1788)","SPECIES",33.693089,-116.185961
"5938027321",3045818,"Cardamine californica (Nutt.) Greene","SPECIES",37.394111,-121.812947
"5938027323",2431750,"Batrachoseps attenuatus (Eschscholtz, 1833)","SPECIES",37.396658,-121.805425
"5938027324",2431643,"Ensatina eschscholtzi xanthoptica Stebbins, 1949","SUBSPECIES",37.808033,-122.150817
"5938027328",5232446,"Branta bernicla hrota (O.F.Müller, 1776)","SUBSPECIES",42.355838,-70.959134
"5938027333",5204019,"Oncorhynchus mykiss (Walbaum, 1792)","SPECIES",34.284966,-118.223639
"5938027338",2489837,"Myioborus miniatus (Swainson, 1827)","SPECIES",16.128028,-96.475393
"5938027342",2498305,"Oxyura jamaicensis (J.F.Gmelin, 1789)","SPECIES",37.521068,-122.248951
"5938027346",7341816,"Setophaga pinus (Linnaeus, 1766)","SPECIES",48.449697,-123.382035
"5938027349",2490384,"Cardinalis cardinalis (Linnaeus, 1758)","SPECIES",32.674955,-99.743258
"5938027351",7691015,"Ebenopsis confinis (Standl.) Britton & Rose","SPECIES",28.718619,-113.482742
"5938027357",2498345,"Cygnus buccinator Richardson, 1831","SPECIES",38.993545,-77.949633
"5938027361",2078935,"Murgantia histrionica (Hahn, 1834)","SPECIES",33.662463,-117.845367
"5938027366",4339144,"Urticina grebelnyi Sanamyan & Sanamyan, 2006","SPECIES",48.501762,-122.69147
"5938027368",6284337,"Porcellio scaber Latreille, 1804","SPECIES",35.303145,-120.874222
"5938027374",5855962,"Doryteuthis opalescens (S.S.Berry, 1911)","SPECIES",47.164213,-122.874209
"5938027379",9362842,"Junco hyemalis (Linnaeus, 1758)","SPECIES",40.584805,-73.995849
"5938027380",5325438,"Erycina hyalinobulbon (Lex.) N.H.Williams & M.W.Chase","SPECIES",17.053474,-97.817187
"5938027384",2404111,"Gymnothorax castaneus (Jordan & Gilbert, 1883)","SPECIES",24.488682,-110.402061
"5938027386",2436940,"Oryctolagus cuniculus (Linnaeus, 1758)","SPECIES",32.533061,-117.019278
"5938027390",3118746,"Encelia farinosa A.Gray ex Torr.","SPECIES",36.429879,-114.513598
"5938027391",2437232,"Cynomys ludovicianus (Ord, 1815)","SPECIES",47.448475,-108.625698
"5938027392",2959443,"Gleditsia triacanthos L.","SPECIES",39.302245,-82.266823
"5938027394",2245812,"Callyspongia aculeata (Linnaeus, 1759)","SPECIES",18.319704,-64.768553
"5938027397",1898402,"Libytheana carinenta Cramer, 1779","SPECIES",29.075418,-97.653131
"5938027398",5331779,"Betula alleghaniensis Britton","SPECIES",42.335364,-72.184752
"5938027400",2490936,"Sialia mexicana Swainson, 1832","SPECIES",37.962431,-122.337235
"5938027403",2498264,"Aythya collaris (Donovan, 1809)","SPECIES",32.855813,-117.006515
"5938027406",5219681,"Sciurus carolinensis Gmelin, 1788","SPECIES",29.984805,-82.762332
"5938027407",2488498,"Piranga flava (Vieillot, 1822)","SPECIES",25.382141,-101.018859
"5938027412",2490384,"Cardinalis cardinalis (Linnaeus, 1758)","SPECIES",32.635035,-97.169252
"5938027415",2978335,"Senegalia greggii (A.Gray) Britton & Rose","SPECIES",33.617144,-115.993872
"5938027416",2498408,"Lophodytes cucullatus (Linnaeus, 1758)","SPECIES",36.790949,-98.189638
"5938027417",2482059,"Podiceps auritus (Linnaeus, 1758)","SPECIES",36.442673,-92.639699
"5938027418",1580499,"Hoplitimyia mutabilis (Fabricius, 1787)","SPECIES",29.924937,-95.401456
"5938027423",5221810,"Basiliscus plumifrons Cope, 1875","SPECIES",10.575175,-83.523478
"5938027424",2256825,"Anthopleura sola Pearse & Francis, 2000","SPECIES",37.183008,-122.391369
"5938027426",2688227,"Selaginella bigelovii Underw.","SPECIES",33.763395,-116.555717
"5938027428",3118771,"Encelia californica Nutt.","SPECIES",33.699249,-118.049251
"5938027430",3168995,"Morella cerifera (L.) Small","SPECIES",30.320678,-89.936693
"5938027431",1920192,"Nathalis iole Boisduval, 1836","SPECIES",30.430373,-97.789424
"5938027433",2394551,"Enneacanthus gloriosus (Holbrook, 1855)","SPECIES",28.582414,-81.231917
"5938027436",2490494,"Pheucticus ludovicianus (Linnaeus, 1766)","SPECIES",34.139804,-118.288458
"5938027439",2498257,"Aythya affinis (Eyton, 1838)","SPECIES",37.529463,-122.26269
"5938027441",9476062,"Quiscalus mexicanus (Gmelin, 1788)","SPECIES",20.883025,-86.864508
"5938027442",NA,"Feron Kinsey, 1937","GENUS",37.385355,-122.189405
"5938027444",5219858,"Ondatra zibethicus zibethicus (Linnaeus, 1766)","SUBSPECIES",42.315966,-71.117505
"5938027447",2498265,"Aythya marila (Linnaeus, 1761)","SPECIES",40.944485,-73.139863
"5938027453",6519876,"Doris montereyensis J.G.Cooper, 1863","SPECIES",36.634747,-121.939842
"5938027459",2888723,"Sambucus racemosa L.","SPECIES",42.66452,-80.482184
"5938027462",5229158,"Pelecanus occidentalis Linnaeus, 1766","SPECIES",37.765555,-122.282331
"5938027463",9362842,"Junco hyemalis (Linnaeus, 1758)","SPECIES",33.112985,-116.582007
"5938027468",5275381,"Astrolepis cochisensis (Goodd.) D.M.Benham & Windham","SPECIES",32.266978,-111.179063
"5938027489",2292070,"Dendronotus subramosus MacFarland, 1966","SPECIES",39.453751,-123.81491
"5938027495",4339144,"Urticina grebelnyi Sanamyan & Sanamyan, 2006","SPECIES",47.574908,-122.418608
"5938027517",1898402,"Libytheana carinenta Cramer, 1779","SPECIES",25.666435,-100.307452
"5938027526",9752617,"Ardea alba Linnaeus, 1758","SPECIES",25.817394,-77.933567
"5938027531",5131951,"Biblis aganisa","SPECIES",26.178625,-98.366464
"5938027536",5364029,"Photinia serratifolia (Desf.) Kalkman","SPECIES",32.963871,-96.778414
"5938027539",2222079,"Cancer productus Randall, 1840","SPECIES",35.289287,-120.883558
"5938027540",9809229,"Sturnus vulgaris Linnaeus, 1758","SPECIES",31.470034,-97.222352
"5938027546",2984494,"Celtis pallida Torr.","SPECIES",26.183588,-98.379922
"5938027547",3152820,"Platanus occidentalis L.","SPECIES",41.048781,-73.862594
"5938027551",2474337,"Aramus guarauna (Linnaeus, 1766)","SPECIES",26.60248,-80.083791
"5938027555",9630752,"Ardea herodias Linnaeus, 1758","SPECIES",39.446148,-76.230483
"5938027558",2480830,"Ardea ibis Linnaeus, 1758","SPECIES",21.888132,-102.264192
"5938027561",2489613,"Mniotilta varia (Linnaeus, 1766)","SPECIES",31.162528,-85.317069
"5938027566",2496643,"Trogon massena Gould, 1838","SPECIES",10.461337,-84.67363
"5938027571",2772254,"Dipterostemon capitatus (Benth.) Rydb.","SPECIES",34.20664,-118.389325
"5938027573",3082244,"Cornus sericea L.","SPECIES",49.600405,-117.122222
"5938027577",7341600,"Melozone crissalis (Vigors, 1839)","SPECIES",32.577933,-116.627737
"5938027578",2490716,"Turdus grayi Bonaparte, 1838","SPECIES",8.522398,-82.425038
"5938027584",2480873,"Egretta thula (Molina, 1782)","SPECIES",20.5136,-86.947722
"5938027587",NA,"Pterygoplichthys Gill, 1858","GENUS",29.83265,-82.677758
"5938027594",2441812,"Gopherus polyphemus (Daudin, 1801)","SPECIES",27.307654,-80.760316
"5938027601",2498329,"Bucephala albeola (Linnaeus, 1758)","SPECIES",38.585806,-121.419872
"5938027605",1310047,"Brachygastra mellifica (Say, 1837)","SPECIES",19.147782,-96.170749
"5938027608",5051361,"Telebasis salva (Hagen, 1861)","SPECIES",24.825869,-107.386056
"5938027658",2490941,"Sialia sialis (Linnaeus, 1758)","SPECIES",30.321717,-89.936105
"5938027674",2481962,"Gavia immer (Brunnich, 1764)","SPECIES",49.884893,-125.118881
"5938027675",2882758,"Gaultheria shallon Pursh","SPECIES",44.639566,-124.058033
"5938027687",2278769,"Arbacia punctulata (Lamarck, 1816)","SPECIES",36.1775,-75.748225
"5938027689",2738434,"Adonidia merrillii (Becc.) Becc.","SPECIES",16.269817,-86.599525
"5938027694",5229158,"Pelecanus occidentalis Linnaeus, 1766","SPECIES",32.850116,-117.27165
"5938027704",9362842,"Junco hyemalis (Linnaeus, 1758)","SPECIES",43.100602,-87.90515
"5938027705",6518992,"Limacia cockerelli (MacFarland, 1905)","SPECIES",37.24694,-122.419742
"5938027706",9362842,"Junco hyemalis (Linnaeus, 1758)","SPECIES",38.978413,-92.374078
"5938027709",2442828,"Pseudemys peninsularis Carr, 1938","SPECIES",27.8836,-82.809059
"5938027711",2534001,"Leratiomyces ceres (Cooke & Massee) Spooner & Bridge","SPECIES",37.741988,-122.459655
"5938027715",7542255,"Condea emoryi (Torr.) Harley & J.F.B.Pastore","SPECIES",32.941945,-116.276153
"5938027716",2490384,"Cardinalis cardinalis (Linnaeus, 1758)","SPECIES",32.765603,-97.286731
"5938027721",2490941,"Sialia sialis (Linnaeus, 1758)","SPECIES",35.024594,-91.945111
"5938027726",2650999,"Matteuccia struthiopteris (L.) Tod.","SPECIES",42.334793,-72.18442
"5938027733",2498343,"Cygnus olor (J.F.Gmelin, 1789)","SPECIES",44.216627,-76.518202
"5938027734",10442797,"Ariolimax stramineus Hemphill, 1891","SPECIES",35.387418,-120.452197
"5938027735",2203611,"Armadillidium vulgare (Latreille, 1804)","SPECIES",32.75192,-96.830628
"5938027741",2928186,"Phacelia fremontii Torr.","SPECIES",37.20617,-118.241562
"5938027743",9761484,"Anas platyrhynchos Linnaeus, 1758","SPECIES",42.471595,-71.165733
"5938027744",3084112,"Echinocereus triglochidiatus subsp. mojavensis (Engelm. & J.M.Bigelow) W.Blum & Mich.Lange","SUBSPECIES",38.292454,-111.232437
"5938027746",2480881,"Egretta tricolor (Statius Muller, 1776)","SPECIES",26.477295,-80.142205
"5938027747",2498167,"Anser caerulescens (Linnaeus, 1758)","SPECIES",39.069737,-108.588748
"5938027748",2480953,"Nyctanassa violacea (Linnaeus, 1758)","SPECIES",10.595117,-83.528253
"5938027751",5229681,"Tyrannus vociferans Swainson, 1826","SPECIES",32.85361,-117.005783
"5938027753",3172057,"Veronica serpyllifolia L.","SPECIES",9.567613,-83.79998
"5938027755",2927027,"Salvia lyrata L.","SPECIES",30.320678,-89.936693
"5938027757",2882593,"Arctostaphylos andersonii A.Gray","SPECIES",37.048425,-122.1363
"5938027758",1043105,"Cycloneda sanguinea (Linnaeus, 1763)","SPECIES",24.825869,-107.386056
"5938027761",2488498,"Piranga flava (Vieillot, 1822)","SPECIES",34.139722,-118.288549
"5938027763",5229155,"Pelecanus erythrorhynchos Gmelin, 1789","SPECIES",32.796765,-80.196507
"5938027766",9761484,"Anas platyrhynchos Linnaeus, 1758","SPECIES",33.046381,-96.725044
"5938027768",5232437,"Branta canadensis (Linnaeus, 1758)","SPECIES",38.8427,-77.060153
"5938027769",5859645,"Peltodoris nobilis (MacFarland, 1905)","SPECIES",36.542983,-121.933655
"5938027770",5384200,"Carnegiea gigantea (Engelm.) Britton & Rose","SPECIES",33.933974,-112.136992
"5938027771",3084150,"Ferocactus cylindraceus (Engelm.) Orcutt","SPECIES",33.270917,-116.424942
"5938027772",1415014,"Anisomorpha buprestoides (Stoll, 1813)","SPECIES",28.937884,-81.222849
"5938027773",8323485,"Haemorhous mexicanus (P.L.Statius Müller, 1776)","SPECIES",43.19275,-77.512803
"5938027774",2302783,"Olivella pusilla (Marrat, 1871)","SPECIES",26.428292,-82.055917
"5938027775",2553625,"Myxarium nucleatum Wallr.","SPECIES",47.011469,-122.86193
"5938027776",2695588,"Tillandsia recurvata (L.) L.","SPECIES",29.564446,-98.526665
"5938027777",2484892,"Sitta carolinensis Latham, 1790","SPECIES",38.877882,-94.944417
"5938027780",5380041,"Ricinus communis L.","SPECIES",32.799922,-117.221973
"5938027781",2256825,"Anthopleura sola Pearse & Francis, 2000","SPECIES",37.494938,-122.499017
"5938027782",2256825,"Anthopleura sola Pearse & Francis, 2000","SPECIES",37.604478,-122.500292
"5938027784",2495370,"Zenaida asiatica (Linnaeus, 1758)","SPECIES",13.566524,-86.465531
"5938027786",2272172,"Patiria miniata (Brandt, 1835)","SPECIES",33.519622,-117.764488
"5938027791",2289636,"Octopus rubescens S.S.Berry, 1953","SPECIES",37.201197,-122.471062
"5938027793",1936337,"Calephelis perditalis Barnes & McDunnough, 1918","SPECIES",25.996579,-97.567558
"5938027796",2683092,"Polytrichum juniperinum Hedw.","SPECIES",49.044558,-123.892033
"5938027803",2498256,"Aythya valisineria (A.Wilson, 1814)","SPECIES",31.982123,-110.292486
"5938027805",2701311,"Juncus effusus L.","SPECIES",48.325505,-123.639053
"5938027806",5466954,"Cantharellus formosus Corner","SPECIES",37.92691,-122.612884
"5938027807",2433670,"Enhydra lutris nereis (Merriam, 1904)","SUBSPECIES",36.61203,-121.871908
"5938027809",2426756,"Rana draytonii Baird & Girard, 1852","SPECIES",38.388664,-122.717621
"5938027817",9362842,"Junco hyemalis (Linnaeus, 1758)","SPECIES",43.75468,-79.33288
"5938027821",2431750,"Batrachoseps attenuatus (Eschscholtz, 1833)","SPECIES",38.820202,-120.951116
"5938027825",NA,"Aceria Keifer, 1944","GENUS",37.946889,-122.667709
"5938027831",5855962,"Doryteuthis opalescens (S.S.Berry, 1911)","SPECIES",47.570842,-122.412605
"5938027864",1944286,"Cecropterus dorantes (Stoll, 1790)","SPECIES",26.481879,-81.178253
"5938027869",5387821,"Gaillardia pulchella Foug.","SPECIES",27.715587,-97.323067
"5938027878",2481745,"Calidris minutilla (Vieillot, 1819)","SPECIES",29.691338,-81.471836
"5938027882",2306810,"Tonicella lokii R.N.Clark, 1999","SPECIES",35.289206,-120.883594
"5938027892",8096980,"Ipomoea populina House","SPECIES",15.770207,-96.107667
"5938027896",5334240,"Lonicera japonica Thunb.","SPECIES",29.582204,-95.4096
"5938027899",2384986,"Lutjanus griseus (Linnaeus, 1758)","SPECIES",24.824782,-80.81616
"5938027901",11376114,"Amphibolips quercuspomiformis (Bassett, 1881) Cuesta-Porta, Equihua-Martínez, Estrada-Venegas, Cibrián-Tovar, Barrera-Ruíz, Silva, Sánchez, Melika & Pujade-Villar, 2020","SPECIES",32.829047,-117.124794
"5938027904",3321446,"Omphalotus olivascens H.E.Bigelow, O.K.Mill. & Thiers","SPECIES",39.077507,-122.780127
"5938027908",9606873,"Cinclus mexicanus Swainson, 1827","SPECIES",49.684124,-112.854318
"5938027912",2492192,"Melospiza lincolnii (Audubon, 1834)","SPECIES",37.192861,-121.726225
"5938027920",1919656,"Phoebis argante (Fabricius, 1775)","SPECIES",10.544781,-83.503942
"5938027921",5414266,"Ilex glabra (L.) A.Gray","SPECIES",28.323237,-81.960913
"5938027926",9761484,"Anas platyrhynchos Linnaeus, 1758","SPECIES",38.987648,-76.921684
"5938027929",2498250,"Melanitta americana (Swainson, 1832)","SPECIES",44.463398,-63.619482
"5938027934",3172294,"Ligustrum sinense Lour.","SPECIES",36.001263,-83.583905
"5938027939",5295574,"Smilax bona-nox L.","SPECIES",34.936415,-92.41442
"5938027941",5232437,"Branta canadensis (Linnaeus, 1758)","SPECIES",45.586945,-122.762628
"5938027942",9224047,"Peniophora cinerea (Pers.) Cooke","SPECIES",40.481135,-79.912308
"5938027943",1027533,"Chicobolus spinigerus (Wood, 1864)","SPECIES",25.76136,-81.034704
"5938027946",2888307,"Chimaphila umbellata (L.) W.P.C.Barton","SPECIES",42.387665,-122.199875
"5938027952",9362842,"Junco hyemalis (Linnaeus, 1758)","SPECIES",35.054654,-89.701242
"5938027953",2441119,"Ovis canadensis Shaw, 1804","SPECIES",39.100628,-108.712853
"5938027956",2480873,"Egretta thula (Molina, 1782)","SPECIES",38.586201,-121.420282
"5938027958",3084015,"Phytolacca americana L.","SPECIES",30.789686,-92.287617
"5938027961",8177297,"Erysiphe euonymicola U.Braun","SPECIES",32.955713,-96.936317
"5938027962",2431944,"Ambystoma talpoideum (Holbrook, 1838)","SPECIES",36.138295,-84.770756
"5938027963",5384070,"Opuntia basilaris var. basilaris","VARIETY",34.156888,-116.198391
"5938027964",7362606,"Calandrinia menziesii Hook.","SPECIES",48.405754,-123.322139
"5938027969",2482077,"Podilymbus podiceps (Linnaeus, 1758)","SPECIES",41.239123,-73.827735
"5938027970",9362027,"Mareca strepera (Linnaeus, 1758)","SPECIES",39.813675,-104.855244
"5938027973",2273754,"Pisaster ochraceus (Brandt, 1835)","SPECIES",34.044047,-118.933333
"5938027975",5967442,"Apostichopus californicus (Stimpson, 1857)","SPECIES",47.523219,-122.395741
"5938027982",2334131,"Cottus semiscaber (Cope, 1872)","SPECIES",40.183987,-111.647392
"5938027984",2482598,"Cyanocitta stelleri (Gmelin, 1788)","SPECIES",45.527805,-123.188102
"5938027988",7341822,"Setophaga palmarum (J.F.Gmelin, 1789)","SPECIES",28.489133,-81.375409
"5938027989",1341976,"Apis mellifera Linnaeus, 1758","SPECIES",27.938792,-81.576225
"5938027991",3084119,"Echinocereus coccineus subsp. coccineus","SUBSPECIES",33.908374,-107.389363
"5938027992",10862036,"Russula rhodocephala Bazzic., D.Mill. & Buyck","SPECIES",37.906262,-122.260372
"5938027995",5221821,"Basiliscus vittatus Wiegmann, 1828","SPECIES",10.50084,-84.61257
"5938027999",2957348,"Senna lindheimeriana (Scheele) H.S.Irwin & Barneby","SPECIES",29.943143,-97.90518
"5938028002",7532642,"Pomacea maculata Perry, 1810","SPECIES",29.63703,-95.660126
"5938028012",2394503,"Lepomis macrochirus Rafinesque, 1819","SPECIES",35.869805,-78.761725
"5938028017",2498155,"Mareca americana (J.F.Gmelin, 1789)","SPECIES",43.902105,-124.04663
"5938028019",2498155,"Mareca americana (J.F.Gmelin, 1789)","SPECIES",43.920387,-124.030448
"5938028034",8292447,"Malosma laurina (Nutt. ex Torr. & A.Gray) Engl.","SPECIES",32.923472,-117.210922
"5938028073",5371712,"Nandina domestica Thunb.","SPECIES",36.036435,-78.921564
"5938028301",2475472,"Megaceryle alcyon (Linnaeus, 1758)","SPECIES",34.090827,-81.412758
"5938028308",2889698,"Eriogonum annuum Nutt.","SPECIES",42.083667,-104.120785
"5938028312",2291810,"Triopha catalinae (J.G.Cooper, 1863)","SPECIES",37.221294,-122.418333
"5938028333",5228199,"Gallinula galeata (Lichtenstein & Mhc, 1818)","SPECIES",26.404747,-80.09869
"5938028341",9630752,"Ardea herodias Linnaeus, 1758","SPECIES",30.686258,-97.646048
"5938028343",5035187,"Solenopsis geminata (Fabricius, 1804)","SPECIES",18.393263,-77.060448
"5938028345",2482598,"Cyanocitta stelleri (Gmelin, 1788)","SPECIES",35.904546,-106.311376
"5938028347",3085360,"Saponaria officinalis L.","SPECIES",41.688217,-71.449352
"5938028348",9389810,"Diaphoreolis lagunae (O'Donoghue, 1926)","SPECIES",35.289767,-120.884631
"5938028350",2487887,"Baeolophus bicolor (Linnaeus, 1766)","SPECIES",33.874908,-84.600064
"5938028354",5714299,"Danaus gilippus (Cramer, 1775)","SPECIES",27.495425,-81.441156
"5938028356",2300326,"Neverita duplicata (Say, 1822)","SPECIES",38.796619,-75.093044
"5938028357",NA,"Colaptes Vigors, 1825","GENUS",50.897977,-114.013204
"5938028359",2484597,"Corthylio calendula (Linnaeus, 1766)","SPECIES",33.932717,-112.693831
"5938028363",5231140,"Zonotrichia albicollis (J.F.Gmelin, 1789)","SPECIES",40.309345,-74.852662
"5938028366",2157203,"Steatoda nobilis (Thorell, 1875)","SPECIES",32.789325,-117.030769
"5938028369",2928238,"Phacelia campanularia A.Gray","SPECIES",33.711326,-115.806904
"5938028370",2490384,"Cardinalis cardinalis (Linnaeus, 1758)","SPECIES",43.844616,-78.95986
"5938028373",9606290,"Meleagris gallopavo Linnaeus, 1758","SPECIES",45.478744,-73.764572
"5938028374",5231140,"Zonotrichia albicollis (J.F.Gmelin, 1789)","SPECIES",37.461337,-91.689795
"5938028376",2480773,"Plegadis falcinellus (Linnaeus, 1766)","SPECIES",27.720779,-82.463893
"5938028378",2489613,"Mniotilta varia (Linnaeus, 1766)","SPECIES",20.719189,-103.413048
"5938028379",5275102,"Dryopteris expansa (C.Presl) Fraser-Jenk. & Jermy","SPECIES",48.860783,-123.695153
"5938028381",9761484,"Anas platyrhynchos Linnaeus, 1758","SPECIES",49.032918,-122.808565
"5938028383",2482082,"Anhinga anhinga (Linnaeus, 1766)","SPECIES",30.441153,-91.002844
"5938028385",9127230,"Bolbitius titubans (Bull.) Fr.","SPECIES",38.617112,-121.311342
"5938028386",8085337,"Plagiomnium insigne (Mitt.) T.J.Kop.","SPECIES",45.489497,-122.512316
"5938028388",1425075,"Coryphaeschna adnexa (Hagen, 1861)","SPECIES",27.822162,-80.572326
"5938028390",2474393,"Fulica americana Gmelin, 1789","SPECIES",29.563745,-95.122038
"5938028391",9362842,"Junco hyemalis (Linnaeus, 1758)","SPECIES",48.416538,-123.348975
"5938028393",1341976,"Apis mellifera Linnaeus, 1758","SPECIES",33.511937,-111.882788
"5938028394",NA,"Atalopedes Scudder, 1872","GENUS",28.074026,-97.041326
"5938028395",2478259,"Colaptes auratus (Linnaeus, 1758)","SPECIES",50.234754,-119.345727
"5938028396",2492235,"Melospiza georgiana (Latham, 1790)","SPECIES",20.37448,-103.654763
"5938028402",2498326,"Bucephala clangula (Linnaeus, 1758)","SPECIES",38.023271,-122.137919
"5938028403",2480953,"Nyctanassa violacea (Linnaeus, 1758)","SPECIES",33.69662,-118.046861
"5938028406",2272172,"Patiria miniata (Brandt, 1835)","SPECIES",37.520839,-122.516747
"5938028412",3084151,"Ferocactus viridescens subsp. viridescens","SUBSPECIES",32.616454,-117.223567
"5938028436",2480953,"Nyctanassa violacea (Linnaeus, 1758)","SPECIES",26.137507,-97.174912
"5938028444",7340825,"Troglodytes hiemalis Vieillot, 1819","SPECIES",39.881109,-83.221178
"5938028447",7376217,"Emilia sonchifolia (L.) DC. ex Wight","SPECIES",26.992088,-80.143928
"5938028449",7341805,"Setophaga coronata (Linnaeus, 1766)","SPECIES",30.684781,-97.64033
"5938028450",2561816,"Hypomyces cervinigenus Rogerson & Simms","SPECIES",38.623145,-121.299146
"5938028456",2424089,"Eleutherodactylus planirostris (Cope, 1862)","SPECIES",28.583239,-81.231018
"5938028457",2498264,"Aythya collaris (Donovan, 1809)","SPECIES",49.217475,-123.207777
"5938028458",5218382,"Eurycea multiplicata (Cope, 1869)","SPECIES",34.132328,-93.785055
"5938028459",5830697,"Lithospermum helleri (Small) J.I.Cohen","SPECIES",30.396601,-97.81332
"5938028464",2498343,"Cygnus olor (J.F.Gmelin, 1789)","SPECIES",43.236823,-77.521662
"5938028466",2481209,"Rynchops niger Linnaeus, 1758","SPECIES",37.54159,-122.231317
"5938028469",6519876,"Doris montereyensis J.G.Cooper, 1863","SPECIES",36.63377,-121.939812
"5938028472",2481130,"Larus heermanni Cassin, 1852","SPECIES",33.344128,-118.321783
"5938028475",2481962,"Gavia immer (Brunnich, 1764)","SPECIES",44.608076,-63.494481
"5938028476",2291808,"Triopha maculata MacFarland, 1905","SPECIES",37.216293,-122.482114
"5938028477",2291808,"Triopha maculata MacFarland, 1905","SPECIES",36.960594,-121.96334
"5938028492",2498408,"Lophodytes cucullatus (Linnaeus, 1758)","SPECIES",37.767345,-122.473305
"5938028513",5295097,"Smilax auriculata Walter","SPECIES",30.409908,-88.75887
"5938028515",2480894,"Egretta caerulea (Linnaeus, 1758)","SPECIES",27.709212,-82.681945
"5938028526",2874182,"Passiflora hibiscifolia Lam.","SPECIES",17.673015,-101.594833
"5938028530",2480863,"Nycticorax nycticorax (Linnaeus, 1758)","SPECIES",33.701772,-118.052478
"5938028536",2480894,"Egretta caerulea (Linnaeus, 1758)","SPECIES",25.917313,-80.133134
"5938028537",2306813,"Tonicella lineata (W.Wood, 1815)","SPECIES",48.402714,-123.349783
"5938028538",2272172,"Patiria miniata (Brandt, 1835)","SPECIES",32.810189,-117.269775
"5938028544",2482507,"Corvus brachyrhynchos C.L.Brehm, 1822","SPECIES",33.457505,-117.67212
"5938028547",7690702,"Lanius borealis Vieillot, 1808","SPECIES",43.391253,-91.126528
"5938028548",2480410,"Parabuteo unicinctus (Temminck, 1824)","SPECIES",27.473202,-97.963667
"5938028551",5339488,"Randia aculeata L.","SPECIES",25.71905,-80.149292
"5938028552",3343100,"Gymnopilus luteofolius (Peck) Singer","SPECIES",39.764117,-121.792178
"5938028553",5339050,"Sherardia arvensis L.","SPECIES",32.724681,-96.627312
"5938028556",11376114,"Amphibolips quercuspomiformis (Bassett, 1881) Cuesta-Porta, Equihua-Martínez, Estrada-Venegas, Cibrián-Tovar, Barrera-Ruíz, Silva, Sánchez, Melika & Pujade-Villar, 2020","SPECIES",36.98758,-122.047583
"5938028557",2480803,"Platalea ajaja Linnaeus, 1758","SPECIES",28.65588,-80.774035
"5938028558",5229158,"Pelecanus occidentalis Linnaeus, 1766","SPECIES",26.545872,-80.044725
"5938028559",2767087,"Agave deserti Engelm.","SPECIES",33.105011,-116.474158
"5938028561",2495370,"Zenaida asiatica (Linnaeus, 1758)","SPECIES",30.383838,-97.025877
"5938028577",2431711,"Aneides lugubris (Hallowell, 1849)","SPECIES",37.967095,-122.264733
"5938028580",3120060,"Achillea millefolium L.","SPECIES",49.227753,-123.065872
"5938028597",2390989,"Caranx ruber (Bloch, 1793)","SPECIES",20.372648,-86.973841
"5938028603",2484609,"Bombycilla cedrorum Vieillot, 1808","SPECIES",39.030492,-77.498503
"5938028607",2494324,"Hesperiphona vespertina (W.Cooper, 1825)","SPECIES",46.747178,-70.33922
"5938028613",2498329,"Bucephala albeola (Linnaeus, 1758)","SPECIES",40.65482,-74.01699
"5938028614",5370154,"Heteromeles arbutifolia (Lindl.) M.Roem.","SPECIES",37.19048,-122.233878
"5938028618",2498408,"Lophodytes cucullatus (Linnaeus, 1758)","SPECIES",40.788953,-73.960842
"5938028619",8681996,"Zanthoxylum clava-herculis L.","SPECIES",32.964855,-96.653393
"5938028620",2478259,"Colaptes auratus (Linnaeus, 1758)","SPECIES",37.732256,-76.389856
"5938028623",5219683,"Sciurus niger Linnaeus, 1758","SPECIES",30.41788,-97.758719
"5938028626",9761484,"Anas platyrhynchos Linnaeus, 1758","SPECIES",33.096814,-96.752214
"5938028629",5284827,"Picea sitchensis (Bong.) Carrière","SPECIES",46.002944,-123.927483
"5938028631",9630752,"Ardea herodias Linnaeus, 1758","SPECIES",19.43442,-99.055225
"5938028632",2874581,"Momordica charantia L.","SPECIES",28.760583,-81.213653
"5938028636",2705308,"Dactylis glomerata L.","SPECIES",43.069272,-78.986327
"5938028637",NA,"Ceratodoris Gray, 1850","GENUS",37.079051,-122.268101
"5938028641",5190458,"Glyptostoma gabrielense Pilsbry, 1938","SPECIES",34.357241,-118.150036
"5938028643",2490936,"Sialia mexicana Swainson, 1832","SPECIES",37.616514,-120.273818
"5938028645",2440965,"Odocoileus virginianus (Zimmermann, 1780)","SPECIES",41.163972,-75.719247
"5938028651",5229662,"Tyrannus melancholicus Vieillot, 1819","SPECIES",26.749168,-80.682279
"5938028652",2493801,"Thryothorus ludovicianus (Latham, 1790)","SPECIES",28.957205,-96.542248
"5938028655",2490384,"Cardinalis cardinalis (Linnaeus, 1758)","SPECIES",29.757065,-95.652183
"5938029303",9510564,"Turdus migratorius Linnaeus, 1766","SPECIES",35.330763,-83.177238
"5938029304",2482082,"Anhinga anhinga (Linnaeus, 1766)","SPECIES",28.013493,-82.792376
"5938029314",2422924,"Anaxyrus boreas (Baird & Girard, 1852)","SPECIES",34.417425,-119.283762
"5938029320",5333391,"Lyonia ligustrina (L.) DC.","SPECIES",42.187174,-71.408678
"5938029335",2492196,"Melospiza melodia (A.Wilson, 1810)","SPECIES",32.728621,-117.217241
"5938029336",5788537,"Saucerottia beryllina (Deppe, 1830)","SPECIES",19.594456,-99.011951
"5938029350",2495370,"Zenaida asiatica (Linnaeus, 1758)","SPECIES",20.963233,-89.576753
"5938029351",2440965,"Odocoileus virginianus (Zimmermann, 1780)","SPECIES",52.325737,-113.791379
"5938029352",2483507,"Camptostoma imberbe P.L.Sclater, 1857","SPECIES",21.535813,-105.273297
"5938029362",2484597,"Corthylio calendula (Linnaeus, 1766)","SPECIES",33.208925,-117.347495
"5938029368",5959118,"Bubo virginianus (J.F.Gmelin, 1788)","SPECIES",28.008889,-82.678528
"5938029370",2480542,"Buteo jamaicensis (Gmelin, 1788)","SPECIES",43.65193,-79.589166
"5938029372",2490810,"Catharus guttatus (Pallas, 1811)","SPECIES",32.604745,-85.458083
"5938029374",10047389,"Ariolimax buttoni (Pilsbry & Vanatta, 1896)","SPECIES",38.5394,-123.004156
"5938029375",2050160,"Hyalymenus tarsatus (Fabricius, 1803)","SPECIES",29.785035,-98.486176
"5938029377",5231140,"Zonotrichia albicollis (J.F.Gmelin, 1789)","SPECIES",39.083802,-77.406542
"5938029378",2544188,"Irpex lacteus (Fr.) Fr.","SPECIES",32.609467,-96.989894
"5938029379",9149595,"Dryobates pubescens (Linnaeus, 1766)","SPECIES",42.4696,-71.16703
"5938029380",2488485,"Piranga rubra (Linnaeus, 1758)","SPECIES",7.797641,-80.248526
"5938029381",3089154,"Xanthium strumarium L.","SPECIES",32.608097,-96.988717
"5938029386",9761484,"Anas platyrhynchos Linnaeus, 1758","SPECIES",49.098633,-123.182853
"5938029390",5294595,"Washingtonia robusta H.Wendl.","SPECIES",23.677283,-109.69773
"5938029391",3170791,"Keckiella cordifolia (Benth.) Straw","SPECIES",34.375699,-118.468203
"5938029393",2431643,"Ensatina eschscholtzii Gray, 1850","SPECIES",38.440255,-122.523859
"5938029397",5220027,"Grampus griseus (G.Cuvier, 1812)","SPECIES",36.522287,-121.96332
"5938029401",2553087,"Stereum complicatum (Fr.) Fr.","SPECIES",35.167513,-93.643395
"5938029404",2480529,"Buteo lineatus (Gmelin, 1788)","SPECIES",32.887809,-97.279171
"5938029405",2705081,"Panicum virgatum L.","SPECIES",32.795517,-97.133583
"5938029413",3117424,"Bellis perennis L.","SPECIES",48.410863,-123.361548
"5938029418",9761484,"Anas platyrhynchos Linnaeus, 1758","SPECIES",44.416403,-123.318917
"5938029421",2929892,"Solanum elaeagnifolium Cav.","SPECIES",27.991037,-97.806662
"5938029422",7341805,"Setophaga coronata (Linnaeus, 1766)","SPECIES",37.240147,-121.884265
"5938029426",5230338,"Pachyramphus cinnamomeus Lawrence, 1861","SPECIES",10.131677,-83.526355
"5938029427",9752617,"Ardea alba egretta Gmelin, 1789","SUBSPECIES",36.954383,-121.73465
"5938029428",3036356,"Oplopanax horridus (Sm.) Miq.","SPECIES",53.801941,-123.059159
"5938029433",2482414,"Aphelocoma californica (Vigors, 1839)","SPECIES",49.130041,-123.13681
"5938029435",2292465,"Geitodoris heathi (MacFarland, 1905)","SPECIES",47.812748,-122.385314
"5938029447",2333966,"Artedius lateralis (Girard, 1854)","SPECIES",47.275395,-122.649925
"5938029464",1538205,"Ocyptamus dimidiatus (Fabricius, 1781)","SPECIES",24.816336,-107.360131
"5938029467",9685907,"Falco sparverius Linnaeus, 1758","SPECIES",32.556097,-97.512213
"5938029511",2480873,"Egretta thula (Molina, 1782)","SPECIES",30.131346,-85.728149
"5938029512",9752617,"Ardea alba Linnaeus, 1758","SPECIES",25.674612,-80.76667
"5938029520",8168319,"Amanita muscaria subsp. flavivolvata Singer","SUBSPECIES",37.78687,-122.449255
"5938029525",2538080,"Omphalotus subilludens (Murrill) H.E.Bigelow","SPECIES",29.070239,-81.001319
"5938029534",3321446,"Omphalotus olivascens H.E.Bigelow, O.K.Mill. & Thiers","SPECIES",38.646946,-121.213892
"5938029535",5331779,"Betula alleghaniensis Britton","SPECIES",42.336117,-72.183817
"5938029542",7340825,"Troglodytes hiemalis Vieillot, 1819","SPECIES",36.113665,-78.817576
"5938029546",9149595,"Dryobates pubescens (Linnaeus, 1766)","SPECIES",42.298042,-71.1277
"5938029547",5219681,"Sciurus carolinensis Gmelin, 1788","SPECIES",37.535204,-122.252168
"5938029549",4303074,"Xystocheir dissecta (Wood, 1867)","SPECIES",37.9815,-122.524353
"5938029550",5229158,"Pelecanus occidentalis Linnaeus, 1766","SPECIES",31.988235,-80.8488
"5938029552",2474393,"Fulica americana Gmelin, 1789","SPECIES",32.85963,-117.007886
"5938029553",5128034,"Dryas iulia (Fabricius, 1775)","SPECIES",26.289159,-98.136395
"5938029556",5145466,"Scopula compensata (Walker, 1861)","SPECIES",30.381142,-88.137969
"5938029557",2928263,"Phacelia crenulata Torr. ex S.Watson","SPECIES",33.61726,-115.992737
"5938029558",2481930,"Cathartes aura (Linnaeus, 1758)","SPECIES",16.453194,-85.864028
"5938029559",1920621,"Eurema nicippe Cramer, 1779","SPECIES",33.747988,-112.23176
"5938029560",5859645,"Peltodoris nobilis (MacFarland, 1905)","SPECIES",36.637511,-121.929984
"5938029565",9476062,"Quiscalus mexicanus (Gmelin, 1788)","SPECIES",16.453122,-85.864396
"5938029566",5228136,"Porphyrio martinica (Linnaeus, 1766)","SPECIES",25.382684,-80.607177
"5938029567",2441370,"Alligator mississippiensis (Daudin, 1801)","SPECIES",25.382684,-80.607177
"5938029568",2451167,"Sceloporus grammicus Wiegmann, 1828","SPECIES",18.954731,-99.253552
"5938029569",2278852,"Strongylocentrotus purpuratus (Stimpson, 1857)","SPECIES",36.637639,-121.935457
"5938029571",2394491,"Lepomis auritus (Linnaeus, 1758)","SPECIES",28.580017,-81.23731
"5938029572",2434566,"Urocyon cinereoargenteus (Schreber, 1775)","SPECIES",26.764166,-80.0507
"5938029573",2435296,"Trichechus manatus latirostris (Harlan, 1824)","SUBSPECIES",26.762099,-80.192944
"5938029575",2293579,"Fissurella volcano Reeve, 1849","SPECIES",34.031083,-118.6802
"5938029579",NA,"Ceratodoris Gray, 1850","GENUS",32.841111,-117.281667
"5938029580",2491678,"Calcarius lapponicus (Linnaeus, 1758)","SPECIES",45.250042,-74.423266
"5938029582",2478605,"Sphyrapicus varius (Linnaeus, 1766)","SPECIES",40.660284,-73.968953
"5938029584",2482507,"Corvus brachyrhynchos C.L.Brehm, 1822","SPECIES",44.239843,-78.412661
"5938029585",2292406,"Cadlina luteomarginata MacFarland, 1966","SPECIES",36.633738,-121.939803
"5938029586",2498155,"Mareca americana (J.F.Gmelin, 1789)","SPECIES",21.851838,-102.2877
"5938029588",2474953,"Antigone canadensis (Linnaeus, 1758)","SPECIES",41.868633,-88.190473
"5938029590",4339144,"Urticina grebelnyi Sanamyan & Sanamyan, 2006","SPECIES",37.517336,-122.51442
"5938029597",6519876,"Doris montereyensis J.G.Cooper, 1863","SPECIES",37.49392,-122.49919
"5938029614",2882506,"Arctostaphylos regismontana Eastw.","SPECIES",37.404114,-122.260822
"5938029618",2225812,"Pachygrapsus crassipes Randall, 1840","SPECIES",36.620558,-121.942345
"5938029620",2424089,"Eleutherodactylus planirostris (Cope, 1862)","SPECIES",20.648979,-87.094388
"5938029630",2481930,"Cathartes aura (Linnaeus, 1758)","SPECIES",37.645542,-121.898225
"5938029632",1327098,"Pseudomyrmex gracilis (Fabricius, 1804)","SPECIES",29.493589,-95.125245
"5938029634",2222061,"Telmessus cheiragonus (Tilesius, 1815)","SPECIES",47.274258,-122.649483
"5938029656",5051460,"Argia pulla Hagen, 1865","SPECIES",24.815197,-107.35922
"5938029661",9752617,"Ardea alba Linnaeus, 1758","SPECIES",31.3349,-94.709799
"5938029663",2482507,"Corvus brachyrhynchos C.L.Brehm, 1822","SPECIES",37.154427,-93.311448
"5938029669",2292449,"Doriopsilla albopunctata (J.G.Cooper, 1863)","SPECIES",35.28965,-120.884528
"5938029675",5229205,"Eudocimus albus (Linnaeus, 1758)","SPECIES",26.60285,-80.081339
"5938029678",2482593,"Cyanocitta cristata (Linnaeus, 1758)","SPECIES",38.948435,-94.620968
"5938029685",9415596,"Eremophila alpestris (Linnaeus, 1758)","SPECIES",42.34364,-72.611352
"5938029689",2442843,"Pseudemys nelsoni Carr, 1938","SPECIES",26.631595,-80.233605
"5938029693",7282888,"Cylindropuntia acanthocarpa (Engelm. & J.M.Bigelow) F.M.Knuth","SPECIES",35.307579,-115.564667
"5938029697",2437988,"Peromyscus gossypinus (Le Conte, 1853)","SPECIES",28.584196,-81.165689
"5938029702",2157825,"Anelosimus studiosus (Hentz, 1850)","SPECIES",30.847517,-98.136597
"5938029703",5844398,"Rupornis magnirostris (Gmelin, 1788)","SPECIES",8.326217,-82.588519
"5938029705",NA,"Collybia (Fr.) Staude","GENUS",37.794594,-122.449648
"5938029708",2498246,"Melanitta perspicillata (Linnaeus, 1758)","SPECIES",49.019239,-122.805114
"5938029710",2278292,"Ophionereis annulata (Le Conte, 1851)","SPECIES",33.459883,-117.712455
"5938029714",2481942,"Coragyps atratus (Bechstein, 1793)","SPECIES",39.046444,-76.952748
"5938029717",2476674,"Calypte anna (R.Lesson, 1829)","SPECIES",49.385815,-122.875566
"5938029720",2481962,"Gavia immer (Brunnich, 1764)","SPECIES",44.3941,-73.276803
"5938029725",9362842,"Junco hyemalis (Linnaeus, 1758)","SPECIES",48.73373,-123.625892
"5938029728",2481794,"Numenius americanus Bechstein, 1812","SPECIES",38.647676,-121.714939
"5938029731",5608896,"Scutellaria mexicana (Torr.) A.J.Paton","SPECIES",33.732937,-115.813988
"5938029735",2427091,"Lithobates catesbeianus (Shaw, 1802)","SPECIES",40.002381,-105.344271
"5938029737",8328112,"Verbesina microptera DC.","SPECIES",26.347885,-97.758031
"5938029738",8168319,"Amanita muscaria subsp. flavivolvata Singer","SUBSPECIES",38.002931,-122.351713
"5938029740",2292846,"Agathistoma eiseni (Jordan, 1936)","SPECIES",32.8414,-117.282037
"5938029798",2703077,"Chasmanthium latifolium (Michx.) H.O.Yates","SPECIES",29.821106,-96.109969
"5938029801",2474393,"Fulica americana Gmelin, 1789","SPECIES",40.727262,-111.927425
"5938029802",2487805,"Poecile atricapillus (Linnaeus, 1766)","SPECIES",47.97855,-122.357062
"5938029803",2482593,"Cyanocitta cristata (Linnaeus, 1758)","SPECIES",40.658363,-73.963937
"5938029804",2481930,"Cathartes aura (Linnaeus, 1758)","SPECIES",28.995394,-82.734553
"5938029806",2882758,"Gaultheria shallon Pursh","SPECIES",47.750342,-122.542264
"5938029808",2431505,"Plethodon websteri Highton, 1979","SPECIES",33.45808,-86.721497
"5938029816",9761484,"Anas platyrhynchos Linnaeus, 1758","SPECIES",40.26788,-75.457564
"5938029820",9046711,"Leuconotopicus borealis (Vieillot, 1809)","SPECIES",27.845707,-80.535799
"5938029825",5375388,"Capsella bursa-pastoris (L.) Medik.","SPECIES",30.353605,-97.698463
"5938029826",3152775,"Malvaviscus arboreus Cav.","SPECIES",30.003119,-98.090822
"5938029828",2498329,"Bucephala albeola (Linnaeus, 1758)","SPECIES",32.492561,-93.851277
"5938029831",2480803,"Platalea ajaja Linnaeus, 1758","SPECIES",28.05487,-97.033608
"5938029832",6369819,"Sambucus canadensis L.","SPECIES",26.334602,-80.234644
"5938029837",7341805,"Setophaga coronata (Linnaeus, 1766)","SPECIES",35.527061,-118.942686
"5938029842",2487805,"Poecile atricapillus (Linnaeus, 1766)","SPECIES",64.886414,-147.805725
"5938029847",5193856,"Lepidozona pectinulata (P.P.Carpenter, 1893)","SPECIES",33.706228,-118.287006
"5938029848",2847695,"Artorima erubescens (Lindl.) Dressler & G.E.Pollard","SPECIES",16.144856,-96.448373
"5938029852",2684171,"Thuja plicata Donn ex D.Don","SPECIES",47.664178,-122.419527
"5938029853",2224353,"Hapalogaster cavicauda Stimpson, 1859","SPECIES",35.2897,-120.884072
"5938029856",2302142,"Elimia carinocostata (I.Lea, 1854)","SPECIES",33.540175,-86.560342
"5938029858",5249958,"Punctularia atropurpurascens (Berk. & Broome) Petch","SPECIES",37.813402,-122.178302
"5938029859",2480487,"Circus hudsonius (Linnaeus, 1766)","SPECIES",49.048236,-123.111688
"5938029860",9630752,"Ardea herodias Linnaeus, 1758","SPECIES",49.060535,-123.024362
"5938029862",2289644,"Octopus bimaculoides Pickford & McConnaughey, 1949","SPECIES",33.58908,-117.868217
"5938029863",2384533,"Thalassoma bifasciatum (Bloch, 1791)","SPECIES",17.918426,-76.819945
"5938029864",2226749,"Scyra acutifrons Dana, 1851","SPECIES",39.453258,-123.814461
"5938029871",2256826,"Anthopleura elegantissima (Brandt, 1835)","SPECIES",48.501479,-122.691487
"5938029888",3040232,"Populus deltoides W.Bartram ex Marshall","SPECIES",38.562778,-76.068528
"5938029896",5188234,"Cucumaria miniata (Brandt, 1835)","SPECIES",49.303565,-123.126468
"5938029903",5223349,"Nerodia fasciata (Linnaeus, 1766)","SPECIES",30.710987,-89.077888
"5938029904",2481930,"Cathartes aura (Linnaeus, 1758)","SPECIES",30.125543,-95.246525
"5938029905",2498264,"Aythya collaris (Donovan, 1809)","SPECIES",49.204125,-123.98254
"5938029911",7976718,"Naematelia aurantia (Schwein.) Burt","SPECIES",34.094939,-118.718522
"5938029917",2480953,"Nyctanassa violacea (Linnaeus, 1758)","SPECIES",16.443263,-85.905727
"5938029922",5863764,"Metacarcinus magister (Dana, 1852)","SPECIES",44.65919,-124.059493
"5938029923",2279084,"Dendraster excentricus (Eschscholtz, 1831)","SPECIES",44.659323,-124.059595
"5938029930",2480863,"Nycticorax nycticorax (Linnaeus, 1758)","SPECIES",25.7788,-80.18615
"5938029936",2928263,"Phacelia crenulata Torr. ex S.Watson","SPECIES",33.56117,-112.002297
"5938029943",2474941,"Grus americana (Linnaeus, 1758)","SPECIES",28.437487,-96.912435
"5938029946",2490810,"Catharus guttatus (Pallas, 1811)","SPECIES",36.030948,-84.061175
"5938029948",5232437,"Branta canadensis (Linnaeus, 1758)","SPECIES",43.275416,-79.861327
"5938029952",9761484,"Anas platyrhynchos Linnaeus, 1758","SPECIES",40.784622,-74.105758
"5938029955",2480446,"Haliaeetus leucocephalus (Linnaeus, 1766)","SPECIES",37.73415,-97.464972
"5938029956",2498329,"Bucephala albeola (Linnaeus, 1758)","SPECIES",37.058271,-88.113335
"5938029958",NA,"Rekoa Kaye, 1904","GENUS",20.805433,-105.465278
"5938029959",2601169,"Peltigera membranacea (Ach.) Nyl.","SPECIES",45.502247,-122.847931
"5938029960",9476062,"Quiscalus mexicanus (Gmelin, 1788)","SPECIES",14.553445,-90.730055
"5938029961",2369459,"Gerres cinereus (Walbaum, 1792)","SPECIES",24.745158,-80.983147
"5938029962",2490384,"Cardinalis cardinalis (Linnaeus, 1758)","SPECIES",43.777636,-79.370443
"5938029963",2474416,"Porphyrio poliocephalus (Latham, 1801)","SPECIES",26.479791,-80.141749
"5938029964",2482507,"Corvus brachyrhynchos C.L.Brehm, 1822","SPECIES",37.582527,-122.378929
"5938029966",9630752,"Ardea herodias Linnaeus, 1758","SPECIES",34.404838,-119.694017
"5938029967",9752617,"Ardea alba Linnaeus, 1758","SPECIES",25.382684,-80.607177
"5938029969",5228824,"Dryocopus pileatus (Linnaeus, 1758)","SPECIES",42.794233,-73.79314
"5938029971",4299213,"Siproeta stelenes Linnaeus, 1758","SPECIES",25.230608,-100.046641
"5938029972",2481875,"Nannopterum auritum (R.P.Lesson, 1831)","SPECIES",30.342505,-88.711503
"5938029973",5274957,"Polypodium glycyrrhiza D.C.Eaton","SPECIES",41.368621,-124.01652
"5938029977",2480830,"Ardea ibis Linnaeus, 1758","SPECIES",10.496647,-84.593267
"5938029981",5295625,"Smilax smallii Morong","SPECIES",30.505344,-89.66447
"5938029982",2695588,"Tillandsia recurvata (L.) L.","SPECIES",30.619905,-98.072705
"5938029983",5229662,"Tyrannus melancholicus Vieillot, 1819","SPECIES",33.227331,-115.522787
"5938029987",9685907,"Falco sparverius Linnaeus, 1758","SPECIES",38.86971,-95.11482
"5938029991",9809229,"Sturnus vulgaris Linnaeus, 1758","SPECIES",42.144699,-71.508658
"5938029995",2302634,"Tylodina fungina Gabb, 1865","SPECIES",32.814338,-117.274628
"5938029996",2695149,"Tillandsia usneoides (L.) L.","SPECIES",27.751325,-80.399162
"5938030008",1918984,"Phyciodes phaon (Edwards, 1864)","SPECIES",26.176569,-98.365904
"5938030011",2432063,"Siren nettingi Goin, 1942","SPECIES",29.637301,-95.660873
"5938030012",5127805,"Mestra amymone (Ménétriés, 1857)","SPECIES",26.178003,-98.365494
"5938030072",2482755,"Pitangus sulphuratus (Linnaeus, 1766)","SPECIES",17.100997,-96.709656
"5938030077",9685907,"Falco sparverius Linnaeus, 1758","SPECIES",40.556275,-104.959572
"5938030082",2704414,"Sorghastrum nutans (L.) Nash","SPECIES",41.909631,-88.382912
"5938030086",2481937,"Mycteria americana Linnaeus, 1758","SPECIES",27.969657,-82.293497
"5938030087",2272172,"Patiria miniata (Brandt, 1835)","SPECIES",36.532105,-121.925828
"5938030094",9630752,"Ardea herodias Linnaeus, 1758","SPECIES",26.485492,-80.162198
"5938030096",5231640,"Spinus tristis (Linnaeus, 1758)","SPECIES",30.445715,-97.681238
"5938030098",2480327,"Pluvialis squatarola (Linnaeus, 1758)","SPECIES",38.145945,-122.43488
"5938030099",2695149,"Tillandsia usneoides (L.) L.","SPECIES",27.252656,-82.292747
"5938030101",5231132,"Zonotrichia leucophrys (J.R.Forster, 1772)","SPECIES",27.830194,-82.482183
"5938030104",5228514,"Archilochus colubris (Linnaeus, 1758)","SPECIES",28.584924,-81.357698
"5938030105",3034052,"Tamala palustris (Sarg.) Raf.","SPECIES",30.365096,-87.424473
"5938030108",7341805,"Setophaga coronata (Linnaeus, 1766)","SPECIES",30.162448,-84.002984
"5938030111",2122225,"Sminthurinus atrapallidus Snider, 1978","SPECIES",34.197415,-118.401686
"5938030123",6686326,"Melochia pyramidata L.","SPECIES",29.397895,-98.490188
"5938030124",1048501,"Diabrotica undecimpunctata Mannerheim, 1843","SPECIES",30.289222,-97.642805
"5938030125",2476852,"Selasphorus sasin (R.Lesson, 1829)","SPECIES",32.761297,-117.245376
"5938030126",2487887,"Baeolophus bicolor (Linnaeus, 1766)","SPECIES",35.533855,-88.792501
"5938030142",7244130,"Hygrocybe singeri (A.H.Sm. & Hesler) Singer","SPECIES",37.252728,-122.218705
"5938030143",2869311,"Lysichiton americanus Hultén & H.St.John","SPECIES",47.026681,-122.881347
"5938030147",2481209,"Rynchops niger Linnaeus, 1758","SPECIES",33.71101,-118.283293
"5938030158",2481759,"Calidris alpina (Linnaeus, 1758)","SPECIES",39.636531,-104.842649
"5938030177",2480873,"Egretta thula (Molina, 1782)","SPECIES",19.350826,-99.120671
"5938030178",8332393,"Spatula clypeata (Linnaeus, 1758)","SPECIES",33.523144,-112.287472
"5938030204",5371712,"Nandina domestica Thunb.","SPECIES",30.412363,-84.14045
"5938030205",2688584,"Reboulia hemisphaerica (L.) Raddi","SPECIES",32.315211,-95.454331
"5938030208",2407665,"Canthigaster rostrata (Bloch, 1786)","SPECIES",30.1811,-85.826883
"5938030209",2498375,"Mergus serrator Linnaeus, 1758","SPECIES",40.965547,-73.668494
"5938030215",9809229,"Sturnus vulgaris Linnaeus, 1758","SPECIES",41.853032,-72.759051
"5938030222",2150903,"Dolomedes tenebrosus Hentz, 1844","SPECIES",39.668453,-95.512915
"5938030229",2481720,"Tringa melanoleuca (J.F.Gmelin, 1789)","SPECIES",41.266186,-72.7072
"5938030232",5231640,"Spinus tristis (Linnaeus, 1758)","SPECIES",40.939799,-80.645202
"5938030234",1316908,"Linepithema humile (Mayr, 1868)","SPECIES",37.400997,-122.098586
"5938030235",2482032,"Aechmophorus clarkii (Lawrence, 1858)","SPECIES",20.904644,-104.005912
"5938030237",2498161,"Anser rossii Cassin, 1861","SPECIES",33.468091,-81.915048
"5938030240",5231640,"Spinus tristis (Linnaeus, 1758)","SPECIES",40.677329,-111.91378
"5938030245",9149595,"Dryobates pubescens (Linnaeus, 1766)","SPECIES",44.384738,-73.254342
"5938030248",3635486,"Hydrocotyle ribifolia Rose & Standl.","SPECIES",9.545055,-83.813447
"5938030250",2481134,"Larus delawarensis Ord, 1815","SPECIES",26.613431,-80.036673
"5938030251",2480726,"Pandion haliaetus (Linnaeus, 1758)","SPECIES",32.783662,-117.249473
"5938030255",2888304,"Chimaphila maculata (L.) Pursh","SPECIES",42.538345,-71.426837
"5938030257",2495414,"Columba livia var. domestica J.F.Gmelin, 1789","VARIETY",40.622747,-82.511465
"5938030258",2536891,"Armillaria mellea (Vahl) P.Kumm.","SPECIES",36.599598,-121.873924
"5938030260",3086528,"Rhizophora mangle L.","SPECIES",24.952403,-80.593025
"5938030261",9362842,"Junco hyemalis (Linnaeus, 1758)","SPECIES",45.374622,-122.651172
"5938030262",2498338,"Cygnus columbianus (Ord, 1815)","SPECIES",38.440003,-76.126083
"5938030265",2431750,"Batrachoseps attenuatus (Eschscholtz, 1833)","SPECIES",37.338854,-121.878714
"5938030266",1943962,"Hedone praeceps Scudder, 1872","SPECIES",24.825869,-107.386056
"5938030267",2484605,"Bombycilla garrulus (Linnaeus, 1758)","SPECIES",51.139495,-114.331036
"5938030269",5137540,"Ascia monuste monuste","SUBSPECIES",24.825869,-107.386056
"5938030271",2494324,"Hesperiphona vespertina (W.Cooper, 1825)","SPECIES",44.378266,-64.339554
"5938030273",8763701,"Diadophis punctatus (Linnaeus, 1766)","SPECIES",26.050329,-81.701917
"5938030276",2482593,"Cyanocitta cristata (Linnaeus, 1758)","SPECIES",43.067607,-77.574832
"5938030277",2483606,"Sayornis phoebe (Latham, 1790)","SPECIES",25.53315,-80.343658
"5938030281",8293722,"Lactarius rubidus (Hesler & A.H.Sm.) Methven","SPECIES",38.004711,-122.678122
"5938030283",2498408,"Lophodytes cucullatus (Linnaeus, 1758)","SPECIES",38.987649,-76.922087
"5938030285",2226672,"Pugettia producta (Randall, 1840)","SPECIES",37.495319,-122.496117
"5938030286",2482755,"Pitangus sulphuratus (Linnaeus, 1766)","SPECIES",8.93128,-79.544397
"5938030287",2480863,"Nycticorax nycticorax (Linnaeus, 1758)","SPECIES",33.42163,-112.076339
"5938030289",2882838,"Vaccinium ovatum Pursh","SPECIES",37.901097,-122.579489
"5938030291",7531611,"Leiothlypis ruficapilla (A.Wilson, 1811)","SPECIES",34.431113,-119.892905
"5938030293",3321446,"Omphalotus olivascens H.E.Bigelow, O.K.Mill. & Thiers","SPECIES",33.683295,-117.662326
"5938030296",8365087,"Heuchera micrantha Douglas","SPECIES",47.846257,-122.048823
"5938030301",2495347,"Zenaida macroura (Linnaeus, 1758)","SPECIES",44.482152,-77.496765
"5938030304",2483606,"Sayornis phoebe (Latham, 1790)","SPECIES",36.482728,-94.456806
"5938030308",5284982,"Pinus strobus L.","SPECIES",39.790378,-77.240541
"5938030311",2889887,"Phoradendron leucarpum (Raf.) Reveal & M.C.Johnst.","SPECIES",36.073811,-79.006278
"5938030314",9510564,"Turdus migratorius Linnaeus, 1766","SPECIES",49.168617,-123.192663
"5938030315",2436194,"Scapanus latimanus (Bachman, 1842)","SPECIES",38.564478,-121.3945
"5938030317",2490936,"Sialia mexicana Swainson, 1832","SPECIES",37.184317,-121.782656
"5938030320",8014872,"Opuntia lindheimeri Engelm.","SPECIES",29.536013,-98.64708
"5938030323",2498393,"Dendrocygna autumnalis (Linnaeus, 1758)","SPECIES",28.112801,-97.025994
"5938030325",9761484,"Anas platyrhynchos Linnaeus, 1758","SPECIES",40.742591,-73.938574
"5938030326",1722299,"Gryllodes sigillatus (Walker, 1869)","SPECIES",17.98161,-66.013245
"5938030327",3152378,"Malva parviflora L.","SPECIES",33.735114,-117.82879
"5938030329",2498326,"Bucephala clangula (Linnaeus, 1758)","SPECIES",41.785746,-87.581396
"5938030331",2888323,"Clethra alnifolia L.","SPECIES",42.482902,-71.322963
"5938030334",2393924,"Sparisoma rubripinne (Valenciennes, 1840)","SPECIES",15.953718,-61.708925
"5938030338",12180041,"Oarisma minima","SPECIES",26.179835,-98.366493
"5938030341",2182727,"Ixodes scapularis Say, 1821","SPECIES",30.788121,-92.269982
"5938030342",2927016,"Salvia apiana Jeps.","SPECIES",32.949546,-117.033928
"5938030345",2493843,"Thryomanes bewickii (Audubon, 1827)","SPECIES",47.947024,-122.296471
"5938030349",7341805,"Setophaga coronata (Linnaeus, 1766)","SPECIES",19.812639,-99.860817
"5938030353",2333966,"Artedius lateralis (Girard, 1854)","SPECIES",35.240217,-120.827997
"5938030354",2442665,"Apalone ferox (Schneider, 1783)","SPECIES",26.486287,-80.161789
"5938030359",2429135,"Oophaga pumilio (Schmidt, 1857)","SPECIES",10.331142,-84.583053
"5938030363",3196088,"Egregia menziesii (Turner) Areschoug","SPECIES",37.78633,-122.508208
"5938030364",2436910,"Sylvilagus audubonii (Baird, 1858)","SPECIES",33.875655,-117.399521
"5938030368",2285680,"Mytilus californianus Conrad, 1837","SPECIES",37.83181,-122.54043
"5938030369",5137540,"Ascia monuste monuste","SUBSPECIES",24.81648,-107.360475
"5938030370",2484133,"Quiscalus major Vieillot, 1819","SPECIES",28.087736,-81.827081
"5938030372",3172138,"Leucophyllum frutescens (Berl.) I.M.Johnst.","SPECIES",27.672325,-97.350357
"5938030382",2292167,"Aegires albopunctatus MacFarland, 1905","SPECIES",33.554613,-117.855354
"5938030389",8214667,"Anas crecca Linnaeus, 1758","SPECIES",49.210868,-123.161987
"5938030424",2498338,"Cygnus columbianus (Ord, 1815)","SPECIES",38.910309,-76.468686
"5938030426",5337460,"Richardia grandiflora (Cham. & Schltdl.) Steud.","SPECIES",26.332933,-81.727525
"5938030429",2481798,"Actitis macularius (Linnaeus, 1766)","SPECIES",18.442372,-65.957213
"5938030443",9362842,"Junco hyemalis (Linnaeus, 1758)","SPECIES",46.366128,-95.790147
"5938030459",2703267,"Danthonia spicata (L.) Roem. & Schult.","SPECIES",38.37882,-81.736572
"5938030463",5189153,"Siliqua patula (Dixon, 1789)","SPECIES",44.660526,-124.059853
"5938030464",2434271,"Urva auropunctata (Hodgson, 1836)","SPECIES",18.02323,-76.749162
"5938030465",2487844,"Poecile carolinensis (Audubon, 1834)","SPECIES",38.424763,-76.480682
"5938030467",9127230,"Bolbitius titubans (Bull.) Fr.","SPECIES",38.123967,-122.55303
"5938030470",2490941,"Sialia sialis (Linnaeus, 1758)","SPECIES",39.23562,-84.321397
"5938030472",5450507,"Tricholoma griseoviolaceum Shanks","SPECIES",37.902711,-122.258549
"5938030474",8169649,"Leiothlypis celata (Say, 1822)","SPECIES",33.365651,-97.012133
"5938030475",3084150,"Ferocactus cylindraceus (Engelm.) Orcutt","SPECIES",32.94162,-116.276297
"5938030476",11344814,"Berberis trifoliolata Moric.","SPECIES",29.504625,-98.721698
"5938030480",7288259,"Buddleja cordata Kunth","SPECIES",19.51247,-99.117133
"5938030481",2149064,"Falconina gracilis (Keyserling, 1891)","SPECIES",30.467037,-101.797333
"5938030483",9362842,"Junco hyemalis (Linnaeus, 1758)","SPECIES",42.452737,-88.175372
"5938030485",2926986,"Salvia mellifera Greene","SPECIES",34.039366,-117.426149
"5938030487",2498408,"Lophodytes cucullatus (Linnaeus, 1758)","SPECIES",39.967762,-75.184953
"5938030488",5231138,"Zonotrichia atricapilla (J.F.Gmelin, 1789)","SPECIES",39.339204,-121.341036
"5938030490",2720171,"Scirpus cyperinus (L.) Kunth","SPECIES",42.376562,-71.323508
"5938030491",2930137,"Solanum lycopersicum L.","SPECIES",33.241774,-97.149302
"5938030492",9656686,"Larus occidentalis Audubon, 1839","SPECIES",31.774943,-116.568109
"5938030494",11044546,"Callianax biplicata (G.B.Sowerby I, 1825)","SPECIES",34.320693,-119.377772
"5938030497",2219867,"Gammarus lacustris G.O.Sars, 1863","SPECIES",62.883356,-113.205003
"5938030500",2481748,"Calidris alba (Pallas, 1764)","SPECIES",28.908313,-82.691413
"5938030501",9485490,"Erodium cicutarium (L.) L'Hér.","SPECIES",34.011074,-116.097894
"5938030502",2498338,"Cygnus columbianus (Ord, 1815)","SPECIES",38.590702,-121.669924
"5938030507",2483647,"Pyrocephalus rubinus (Boddaert, 1783)","SPECIES",33.673464,-111.861402
"5938030509",3461069,"Biscogniauxia mediterranea (De Not.) Kuntze","SPECIES",42.453772,-71.11148
"5938030511",2482082,"Anhinga anhinga (Linnaeus, 1766)","SPECIES",26.479193,-80.14254
"5938030512",9537647,"Mergus merganser Linnaeus, 1758","SPECIES",39.084092,-108.613986
"5938030513",5209188,"Acanthurus coeruleus Bloch & Schneider, 1801","SPECIES",19.302599,-87.620442
"5938030514",5387821,"Gaillardia pulchella Foug.","SPECIES",28.308048,-96.8041
"5938030515",1428276,"Sympetrum corruptum (Hagen, 1861)","SPECIES",32.281679,-110.732322
"5938030517",2498265,"Aythya marila (Linnaeus, 1761)","SPECIES",43.398674,-79.702354
"5938030520",2706080,"Anatherum virginicum Spreng.","SPECIES",30.320678,-89.936693
"5938030521",2693680,"Androlepis skinneri (K.Koch) Brongn. ex Houllet","SPECIES",17.193606,-94.002042
"5938030523",2694672,"Tillandsia setacea Sw.","SPECIES",28.580341,-81.236405
"5938030527",2694672,"Tillandsia setacea Sw.","SPECIES",26.611592,-81.918404
"5938030530",8332393,"Spatula clypeata (Linnaeus, 1758)","SPECIES",34.773368,-82.351872
"5938030532",2537876,"Marasmiellus candidus (Fr.) Singer","SPECIES",47.855445,-122.059534
"5938030535",5384200,"Carnegiea gigantea (Engelm.) Britton & Rose","SPECIES",34.186621,-112.166905
"5938030538",2256847,"Anthopleura artemisia (Pickering, 1846)","SPECIES",36.95662,-121.970208
"5938030541",2481205,"Rissa tridactyla (Linnaeus, 1758)","SPECIES",42.77754,-112.87605
"5938030544",2495347,"Zenaida macroura (Linnaeus, 1758)","SPECIES",34.091333,-118.195648
"5938030545",9930225,"Anas platyrhynchos x acuta","SPECIES",49.098379,-122.677876
"5938030550",2279084,"Dendraster excentricus (Eschscholtz, 1831)","SPECIES",33.605408,-117.886025
"5938030552",9362027,"Mareca strepera (Linnaeus, 1758)","SPECIES",49.012632,-122.452076
"5938030555",9579730,"Hypena scabra (Fabricius, 1798)","SPECIES",30.411822,-97.648781
"5938030558",4388391,"Anasa bellator (Fabricius, 1787)","SPECIES",9.800892,-83.8545
"5938030560",2489613,"Mniotilta varia (Linnaeus, 1766)","SPECIES",29.10019,-82.43285
"5938030561",4408523,"Numenius hudsonicus Latham, 1790","SPECIES",44.619176,-124.045165
"5938030562",9752617,"Ardea alba Linnaeus, 1758","SPECIES",29.686608,-81.474789
"5938030568",2684818,"Juniperus osteosperma (Torr.) Little","SPECIES",36.069195,-112.089783
"5938030573",11701883,"Dione vanillae (Linnaeus, 1758)","SPECIES",30.775013,-96.301253
"5938030576",2441370,"Alligator mississippiensis (Daudin, 1801)","SPECIES",26.126589,-97.952917
"5938030578",2113807,"Pollicipes polymerus Sowerby, 1833","SPECIES",32.907422,-117.25622
"5938030581",2928825,"Lycium brevipes Benth.","SPECIES",30.309028,-115.816092
"5938030583",2256825,"Anthopleura sola Pearse & Francis, 2000","SPECIES",34.004083,-118.803615
"5938030585",2651088,"Polystichum dudleyi Maxon","SPECIES",37.404778,-122.265533
"5938030606",2482077,"Podilymbus podiceps (Linnaeus, 1758)","SPECIES",26.428537,-82.087326
"5938030622",2482077,"Podilymbus podiceps (Linnaeus, 1758)","SPECIES",31.373503,-94.728227
"5938030628",9409198,"Agelaius phoeniceus (Linnaeus, 1766)","SPECIES",29.687301,-81.471746
"5938030636",5129481,"Hamadryas februa ferentina (Godart, 1823)","SUBSPECIES",17.671666,-101.602802
"5938030639",2306813,"Tonicella lineata (W.Wood, 1815)","SPECIES",48.422537,-122.817542
"5938030878",9485490,"Erodium cicutarium (L.) L'Hér.","SPECIES",33.888592,-116.679778
"5938030887",4848480,"Larus smithsonianus Coues, 1862","SPECIES",44.48758,-81.388258
"5938030893",2478081,"Melanerpes aurifrons (Wagler, 1829)","SPECIES",21.888291,-102.264278
"5938030894",2483647,"Pyrocephalus rubinus (Boddaert, 1783)","SPECIES",33.725438,-116.227385
"5938030896",2964234,"Lupinus sparsiflorus Benth.","SPECIES",33.451256,-111.63098
"5938030904",2487805,"Poecile atricapillus (Linnaeus, 1766)","SPECIES",41.826203,-75.637086
"5938030906",5285777,"Pinus elliottii Engelm.","SPECIES",27.53117,-81.408188
"5938030910",5353583,"Cercis canadensis L.","SPECIES",42.17332,-83.654228
"5938030911",5229158,"Pelecanus occidentalis Linnaeus, 1766","SPECIES",33.60673,-117.912408
"5938030915",2008843,"Zelus longipes (Linnaeus, 1767)","SPECIES",30.612785,-88.177559
"5938030916",1949451,"Lerodea eufala (Edwards, 1869)","SPECIES",26.179698,-98.365725
"5938030918",5308378,"Tipularia discolor (Pursh) Nutt.","SPECIES",34.937456,-92.410426
"5938030927",5219683,"Sciurus niger Linnaeus, 1758","SPECIES",43.453208,-91.146555
"5938030928",2490941,"Sialia sialis (Linnaeus, 1758)","SPECIES",35.087139,-106.675644
"5938030929",9409198,"Agelaius phoeniceus (Linnaeus, 1766)","SPECIES",25.896481,-97.491721
"5938030939",2484133,"Quiscalus major Vieillot, 1819","SPECIES",26.131208,-80.1035
"5938030942",9630752,"Ardea herodias Linnaeus, 1758","SPECIES",35.111103,-85.178998
"5938030943",9362842,"Junco hyemalis (Linnaeus, 1758)","SPECIES",44.482117,-77.49682
"5938030944",3343018,"Gymnopilus aurantiophyllus Hesler","SPECIES",37.850001,-122.19603
"5938030946",5231140,"Zonotrichia albicollis (J.F.Gmelin, 1789)","SPECIES",32.870877,-96.960196
"5938030947",2256847,"Anthopleura artemisia (Pickering, 1846)","SPECIES",47.57217,-122.413313
"5938030948",2222079,"Cancer productus Randall, 1840","SPECIES",47.57217,-122.413313
"5938030950",1898402,"Libytheana carinenta Cramer, 1779","SPECIES",28.074026,-97.041326
"5938030951",2534537,"Parasola auricoma (Pat.) Redhead, Vilgalys & Hopple","SPECIES",32.755888,-117.117225
"5938030956",2482755,"Pitangus sulphuratus (Linnaeus, 1766)","SPECIES",20.702177,-103.382837
"5938030959",9537647,"Mergus merganser Linnaeus, 1758","SPECIES",41.507612,-112.06903
"5938030962",9581438,"Anas rubripes Brewster, 1902","SPECIES",45.604667,-62.642182
"5938030963",5231138,"Zonotrichia atricapilla (J.F.Gmelin, 1789)","SPECIES",36.601067,-121.842943
"5938030965",2394505,"Lepomis miniatus (Jordan, 1877)","SPECIES",30.509497,-95.09131
"5938030969",2483606,"Sayornis phoebe (Latham, 1790)","SPECIES",29.549345,-98.764703
"5938030975",NA,"Ceratodoris Gray, 1850","GENUS",32.6666,-117.2453
"5938030978",2292105,"Acanthodoris lutea MacFarland, 1925","SPECIES",35.289706,-120.884347
"5938030979",1540826,"Eupeodes volucris Osten Sacken, 1877","SPECIES",34.672142,-120.412605
"5938030985",2487844,"Poecile carolinensis (Audubon, 1834)","SPECIES",31.58228,-96.067939
"5938030989",7341805,"Setophaga coronata (Linnaeus, 1766)","SPECIES",37.5784,-122.337635
"5938031005",9127230,"Bolbitius titubans (Bull.) Fr.","SPECIES",37.770287,-122.1286
"5938031016",2480102,"Aratinga nenday (Vieillot, 1823)","SPECIES",27.243495,-82.509573
"5938031021",5132398,"Limenitis archippus floridensis Strecker, 1878","SUBSPECIES",28.225637,-80.763178
"5938031028",3951581,"Deamia testudo (Karw. ex Zucc.) Britton & Rose","SPECIES",18.686682,-88.665321
"5938031029",2480863,"Nycticorax nycticorax (Linnaeus, 1758)","SPECIES",17.657525,-101.588517
"5938031038",2273754,"Pisaster ochraceus (Brandt, 1835)","SPECIES",37.495172,-122.498487
"5938031039",7804446,"Haemorhous purpureus (J.F.Gmelin, 1789)","SPECIES",44.666775,-72.375458
"5938031044",5772169,"Pseudaletia unipuncta (Haworth, 1809)","SPECIES",30.41788,-97.758719
"5938031049",2480529,"Buteo lineatus (Gmelin, 1788)","SPECIES",39.72694,-76.702372
"5938031051",8959883,"Dryobates scalaris (Wagler, 1829)","SPECIES",27.832766,-101.061813
"5938031055",7280334,"Opuntia decumbens Salm-Dyck","SPECIES",15.767413,-96.10706
"5938031057",5231132,"Zonotrichia leucophrys (J.R.Forster, 1772)","SPECIES",32.278987,-110.854999
"5938031061",5285637,"Pinus sylvestris L.","SPECIES",44.99028,-93.325739
"5938031062",9149595,"Dryobates pubescens (Linnaeus, 1766)","SPECIES",42.471608,-71.167572
"5938031063",5232437,"Branta canadensis (Linnaeus, 1758)","SPECIES",41.738726,-88.190517
"5938031064",5231190,"Passer domesticus (Linnaeus, 1758)","SPECIES",27.943415,-82.444715
"5938031069",9752617,"Ardea alba Linnaeus, 1758","SPECIES",26.940967,-80.083391
"5938031072",2544114,"Abortiporus biennis (Bull.) Singer","SPECIES",37.92342,-122.289215
"5938031073",5364029,"Photinia serratifolia (Desf.) Kalkman","SPECIES",32.961863,-96.652882
"5938031074",7341805,"Setophaga coronata (Linnaeus, 1766)","SPECIES",32.999422,-117.233505
"5938031075",9752617,"Ardea alba Linnaeus, 1758","SPECIES",25.736488,-80.573508
"5938031078",2498155,"Mareca americana (J.F.Gmelin, 1789)","SPECIES",31.656077,-110.448527
"5938031080",2476674,"Calypte anna (R.Lesson, 1829)","SPECIES",33.090625,-117.282852
"5938031082",5359945,"Parkinsonia microphylla Torr.","SPECIES",33.382892,-111.318755
"5938031084",1894342,"Euptoieta claudia (Cramer, 1775)","SPECIES",30.61926,-98.074532
"5938031085",5231140,"Zonotrichia albicollis (J.F.Gmelin, 1789)","SPECIES",40.306265,-75.18447
"5938031087",5243566,"Nidula niveotomentosa (Henn.) Lloyd","SPECIES",49.201197,-124.093147
"5938031088",5231677,"Mimus polyglottos (Linnaeus, 1758)","SPECIES",30.41788,-97.758719
"5938031090",3053543,"Dithyrea californica Harv.","SPECIES",36.434879,-117.43579
"5938031091",2487805,"Poecile atricapillus (Linnaeus, 1766)","SPECIES",44.330875,-122.834747
"5938031095",2490384,"Cardinalis cardinalis (Linnaeus, 1758)","SPECIES",43.78091,-79.387479
"5938031098",7341805,"Setophaga coronata (Linnaeus, 1766)","SPECIES",29.737459,-91.172495
"5938031100",9761484,"Anas platyrhynchos Linnaeus, 1758","SPECIES",34.776598,-82.35481
"5938031102",6066824,"Erethizon dorsatus (Linnaeus, 1758)","SPECIES",40.958085,-112.214557
"5938031106",9520263,"Jacana spinosa (Linnaeus, 1758)","SPECIES",10.3434,-85.341912
"5938031303",5376075,"Alliaria petiolata (M.Bieb.) Cavara & Grande","SPECIES",39.215755,-76.900383
"5938031305",2490384,"Cardinalis cardinalis (Linnaeus, 1758)","SPECIES",40.446526,-79.895975
"5938031329",2964695,"Lupinus concinnus J.Agardh","SPECIES",34.234938,-111.300942
"5938031334",2490384,"Cardinalis cardinalis (Linnaeus, 1758)","SPECIES",39.668228,-95.512601
"5938031337",8323485,"Haemorhous mexicanus (P.L.Statius Müller, 1776)","SPECIES",47.929436,-122.279938
"5938031340",5274957,"Polypodium glycyrrhiza D.C.Eaton","SPECIES",49.180233,-122.763375
"5938031345",5231640,"Spinus tristis (Linnaeus, 1758)","SPECIES",42.785012,-71.616957
"5938031350",2381337,"Kyphosus vaigiensis (Quoy & Gaimard, 1825)","SPECIES",26.336769,-80.073159
"5938031354",2498155,"Mareca americana (J.F.Gmelin, 1789)","SPECIES",33.511671,-80.26802
"5938031355",2476948,"Heliodoxa jacula Gould, 1850","SPECIES",10.309171,-84.796195
"5938031356",2498326,"Bucephala clangula (Linnaeus, 1758)","SPECIES",39.654261,-106.619536
"5938031357",2295768,"Vespericola columbianus (I.Lea, 1838)","SPECIES",45.388467,-122.836978
"5938031362",2498345,"Cygnus buccinator Richardson, 1831","SPECIES",47.02596,-122.91051
"5938031363",2878674,"Quercus berberidifolia Liebm.","SPECIES",34.128583,-118.823963
"5938031365",2476674,"Calypte anna (R.Lesson, 1829)","SPECIES",48.411404,-123.3265
"5938031367",9362842,"Junco hyemalis (Linnaeus, 1758)","SPECIES",39.924565,-75.388087
"5938031370",2487805,"Poecile atricapillus (Linnaeus, 1766)","SPECIES",48.488168,-122.613315
"5938031371",2478259,"Colaptes auratus (Linnaeus, 1758)","SPECIES",45.456025,-123.121116
"5938031372",9685907,"Falco sparverius Linnaeus, 1758","SPECIES",26.674671,-80.671876
"5938031374",2498326,"Bucephala clangula (Linnaeus, 1758)","SPECIES",40.101003,-105.191217
"5938031375",5231640,"Spinus tristis (Linnaeus, 1758)","SPECIES",42.449565,-71.155474
"5938031381",2498017,"Anser albifrons (Scopoli, 1769)","SPECIES",40.582332,-73.994354
"5938031383",2480446,"Haliaeetus leucocephalus (Linnaeus, 1766)","SPECIES",38.608239,-121.084246
"5938031384",2495347,"Zenaida macroura (Linnaeus, 1758)","SPECIES",35.915613,-85.437603
"5938031389",2882654,"Eubotrys racemosa (L.) Nutt.","SPECIES",39.924563,-74.348242
"5938031396",3107698,"Senecio callosus Sch.Bip.","SPECIES",19.313553,-99.307412
"5938031397",2291967,"Rostanga pulchra MacFarland, 1905","SPECIES",38.250752,-122.965277
"5938031400",2481962,"Gavia immer (Brunnich, 1764)","SPECIES",34.405652,-119.901456
"5938031403",2273754,"Pisaster ochraceus (Brandt, 1835)","SPECIES",47.149017,-124.19462
"5938031404",9752149,"Phasianus colchicus Linnaeus, 1758","SPECIES",45.698242,-111.022799
"5938031406",5209308,"Gibbonsia montereyensis Hubbs, 1927","SPECIES",36.605613,-121.960197
"5938031407",2482033,"Aechmophorus occidentalis (Lawrence, 1858)","SPECIES",32.774616,-117.211423
"5938031410",3032655,"Heuchera villosa var. macrorhiza (Small) Rosend., Butters & Lakela","VARIETY",36.289957,-87.088231
"5938031416",2482033,"Aechmophorus occidentalis (Lawrence, 1858)","SPECIES",33.75782,-118.190878
"5938031418",2498112,"Anas acuta Linnaeus, 1758","SPECIES",45.390087,-75.678158
"5938031425",5959233,"Ara ambiguus (Bechstein, 1811)","SPECIES",10.033363,-83.509436
"5938031435",2278852,"Strongylocentrotus purpuratus (Stimpson, 1857)","SPECIES",33.555415,-117.949005
"5938031454",5229247,"Sterna forsteri Nuttall, 1834","SPECIES",32.651568,-97.468805
"5938031456",2498155,"Mareca americana (J.F.Gmelin, 1789)","SPECIES",32.801655,-97.068141
"5938031478",5859645,"Peltodoris nobilis (MacFarland, 1905)","SPECIES",37.123885,-122.23792
"5938031486",5914287,"Melia azedarach L.","SPECIES",30.296114,-97.73297
"5938031488",2488484,"Piranga ludoviciana (A.Wilson, 1811)","SPECIES",19.207073,-100.124042
"5938031490",8225325,"Nostoc commune Vaucher ex Bornet & Flahault","SPECIES",38.678759,-82.178725
"5938031498",6284372,"Porcellio dilatatus Brandt, 1831","SPECIES",34.20848,-118.168741
"5938031500",7525188,"Paravaejovis spinigerus (Wood, 1863)","SPECIES",33.536491,-112.009533
"5938031501",1311693,"Vespula maculifrons (Buysson, 1905)","SPECIES",30.639661,-81.44199
"5938031509",2487413,"Vireo griseus (Boddaert, 1783)","SPECIES",25.18581,-80.874268
"5938031512",9752617,"Ardea alba Linnaeus, 1758","SPECIES",25.744047,-80.760772
"5938031521",2007764,"Oncopeltus fasciatus (Dallas, 1852)","SPECIES",19.287099,-99.127046
"5938031527",11701883,"Dione vanillae (Linnaeus, 1758)","SPECIES",30.289295,-97.64287
"5938031528",2868323,"Epipremnum aureum (Linden & André) G.S.Bunting","SPECIES",28.078578,-81.81952
"5938031532",5229903,"Icterus graduacauda Lesson, 1839","SPECIES",26.514992,-99.115712
"5938031537",1929129,"Strymon istapa (Reakirt, 1867)","SPECIES",29.40698,-98.493872
"5938031538",2928783,"Nicotiana glauca Graham","SPECIES",34.053639,-118.561928
"5938031540",9685907,"Falco sparverius Linnaeus, 1758","SPECIES",39.734592,-76.636812
"5938031543",2478133,"Melanerpes formicivorus (Swainson, 1827)","SPECIES",34.148341,-118.148845
"5938031544",1920809,"Zerene cesonia (Stoll, 1790)","SPECIES",29.0751,-97.653539
"5938031548",2498155,"Mareca americana (J.F.Gmelin, 1789)","SPECIES",33.012419,-117.27488
"5938031549",3084143,"Echinocereus pectinatus subsp. rutowiorum W.Blum","SUBSPECIES",28.672238,-106.162208
"5938031550",9149595,"Dryobates pubescens (Linnaeus, 1766)","SPECIES",41.89395,-72.634214
"5938031554",2480529,"Buteo lineatus (Gmelin, 1788)","SPECIES",39.07396,-77.496822
"5938031555",5231677,"Mimus polyglottos (Linnaeus, 1758)","SPECIES",25.381816,-101.00121
"5938031556",9485490,"Erodium cicutarium (L.) L'Hér.","SPECIES",34.046008,-117.42095
"5938031558",2480410,"Parabuteo unicinctus (Temminck, 1824)","SPECIES",33.542265,-111.617068
"5938031560",9605163,"Magnolia grandiflora L.","SPECIES",31.215799,-85.444322
"5938031563",2498252,"Alopochen aegyptiaca (Linnaeus, 1766)","SPECIES",29.361987,-98.469959
"5938031564",7944027,"Cubophis caymanus (Garman, 1887)","SPECIES",19.278441,-81.249274
"5938031571",2393918,"Sparisoma aurofrenatum (Valenciennes, 1840)","SPECIES",19.310304,-87.705091
"5938031572",2481695,"Scolopax minor J.F.Gmelin, 1789","SPECIES",34.151608,-93.761397
"5938031573",2482593,"Cyanocitta cristata (Linnaeus, 1758)","SPECIES",43.627567,-80.145522
"5938031574",5219681,"Sciurus carolinensis Gmelin, 1788","SPECIES",40.57967,-73.993973
"5938031576",5007632,"Dictyoptera simplicipes Mannerheim, 1843","SPECIES",38.802708,-120.892342
"5938031580",2226672,"Pugettia producta (Randall, 1840)","SPECIES",37.520004,-122.515404
"5938031586",2474393,"Fulica americana Gmelin, 1789","SPECIES",34.193813,-110.006081
"5938031588",5858758,"Cornu aspersum (O.F.Müller, 1774)","SPECIES",33.126584,-117.307242
"5938031592",2495347,"Zenaida macroura (Linnaeus, 1758)","SPECIES",43.192753,-77.512763
"5938031594",5189153,"Siliqua patula (Dixon, 1789)","SPECIES",44.659703,-124.059578
"5938031595",2487825,"Poecile gambeli (Ridgway, 1886)","SPECIES",51.008912,-114.216726
"5938031596",5228199,"Gallinula galeata (Lichtenstein & Mhc, 1818)","SPECIES",37.669947,-121.850862
"5938031598",5188947,"Anadara brasiliana (Lamarck, 1819)","SPECIES",28.317627,-80.610191
"5938031603",2498352,"Somateria mollissima (Linnaeus, 1758)","SPECIES",38.322444,-75.084783
"5938031609",9752149,"Phasianus colchicus Linnaeus, 1758","SPECIES",49.079018,-111.641393
"5938031611",2440965,"Odocoileus virginianus (Zimmermann, 1780)","SPECIES",35.5779,-78.620517
"5938031614",2381293,"Kyphosus sectatrix (Linnaeus, 1758)","SPECIES",26.33966,-80.072204
"5938031615",2481875,"Nannopterum auritum (R.P.Lesson, 1831)","SPECIES",33.843705,-117.749642
"5938031616",2431750,"Batrachoseps attenuatus (Eschscholtz, 1833)","SPECIES",37.934431,-122.799519
"5938031619",2481937,"Mycteria americana Linnaeus, 1758","SPECIES",29.691147,-81.473814
"5938031622",2478779,"Ramphastos ambiguus Swainson, 1823","SPECIES",10.431388,-84.005614
"5938031623",8542531,"Hermissenda opalescens (J.G.Cooper, 1863)","SPECIES",39.308894,-123.810158
"5938031624",3678220,"Cuscuta macrocephala Schaffner ex Yunck.","SPECIES",24.815415,-107.359318
