"key","scientificName","taxonRank","decimalLatitude","decimalLongitude","speciesKey"
"2973785847","Rhinella Fitzinger, 1826","GENUS",-20.445528,-41.873111,NA
"3414152432","Zeyheria tuberculosa (Vell.) Bureau ex Verl.","SPECIES",-22.88725,-48.490417,5668489
"4930052467","Blechnum L.","GENUS",-20.020833,-43.99,NA
"5937748321","Ortilia ithra (Kirby, 1871)","SPECIES",-31.549801,-61.070202,1902111
"5937748328","Riodina lysippoides Berg, 1882","SPECIES",-31.549801,-61.070202,1935346
"5937748330","Dione vanillae (Linnaeus, 1758)","SPECIES",-31.549801,-61.070202,11701883
"5937748331","Junonia genoveva Cramer, 1782","SPECIES",-31.549801,-61.070202,5130548
"5937748333","Heliopyrgus domicella (Erichson, 1848)","SPECIES",-31.549801,-61.070202,1950654
"5937748338","Pyrgus orcus (Stoll, 1780)","SPECIES",-31.549801,-61.070202,5142436
"5937748349","Abaeis Hübner, 1819","GENUS",-31.549801,-61.070202,NA
"5937748350","Hesperiidae","FAMILY",-31.549801,-61.070202,NA
"5937748351","Tatochila autodice (Hübner, 1818)","SPECIES",-31.549801,-61.070202,1920611
"5937748353","Burnsius orcynoides","SPECIES",-31.549801,-61.070202,11729494
"5937748354","Colias lesbia (Fabricius, 1775)","SPECIES",-31.549801,-61.070202,5137588
"5937748357","Danaus Kluk, 1802","GENUS",-31.549801,-61.070202,NA
"5937748371","Vanessa Fabricius, 1807","GENUS",-31.549801,-61.070202,NA
"5937748414","Dryadula phaetusa (Linnaeus, 1758)","SPECIES",5.160025,-52.667319,1896749
"5937748423","Strymon Hübner, 1818","GENUS",-31.549801,-61.070202,NA
"5937748438","Dione vanillae (Linnaeus, 1758)","SPECIES",-31.549801,-61.070202,11701883
"5937748443","Ortilia ithra (Kirby, 1871)","SPECIES",-31.549801,-61.070202,1902111
"5937748454","Abaeis Hübner, 1819","GENUS",-31.549801,-61.070202,NA
"5937748459","Lerodea eufala (Edwards, 1869)","SPECIES",-31.549801,-61.070202,1949451
"5937748470","Colias lesbia (Fabricius, 1775)","SPECIES",-31.549801,-61.070202,5137588
"5937748476","Leptotes cassius (Cramer, 1775)","SPECIES",-31.549801,-61.070202,5140033
"5937748482","Danaus Kluk, 1802","GENUS",-31.549801,-61.070202,NA
"5937748484","Riodina lysippoides Berg, 1882","SPECIES",-31.549801,-61.070202,1935346
"5937748490","Burnsius orcynoides","SPECIES",-31.549801,-61.070202,11729494
"5938027332","Mauritia flexuosa L.f.","SPECIES",-2.704655,-42.872883,5294777
"5938027335","Nerium oleander L.","SPECIES",-36.540436,-56.690793,3169756
"5938027337","Phoracantha recurva Newman, 1840","SPECIES",-37.780433,-57.46931,1114246
"5938027348","Cosmosoma gemmata Butler, 1875","SPECIES",11.229731,-60.700093,5116246
"5938027402","Eurema deva (Doubleday, 1847)","SPECIES",-38.091489,-61.933596,5137859
"5938027432","Erythrodiplax nigricans (Rambur, 1842)","SPECIES",-34.591344,-58.56259,1429000
"5938027521","Mischocyttarus drewseni (de Saussure, 1954)","SPECIES",-34.670187,-58.655129,1309846
"5938027564","Godartiana muscosa Butler, 1870","SPECIES",-20.522878,-41.861437,1901533
"5938027591","Nicotiana glauca Graham","SPECIES",-0.065744,-78.463886,2928783
"5938027659","Macronectes giganteus (Gmelin, 1789)","SPECIES",-54.992597,-68.232475,2481515
"5938027691","Sarcoramphus papa (Linnaeus, 1758)","SPECIES",-26.306104,-49.15554,2481923
"5938027872","Senecio smithii DC.","SPECIES",-54.830538,-68.56388,3108356
"5938027911","Pavonia sepium A.St.-Hil.","SPECIES",-34.492568,-58.480276,7279161
"5938027914","Daptrius Vieillot, 1816","GENUS",-34.395696,-58.900561,NA
"5938027918","Diabrotica speciosa Germar, 1824","SPECIES",-31.538014,-61.068658,9210637
"5938027919","Neolema dorsalis (Olivier, 1791)","SPECIES",-31.535011,-61.06245,1048383
"5938027925","Harmonia axyridis (Pallas, 1773)","SPECIES",-41.0619,-71.563486,4989904
"5938027944","Manettia cordifolia Mart.","SPECIES",-31.297084,-57.951815,5338405
"5938027955","Thamnomanes caesius (Temminck, 1820)","SPECIES",5.195765,-52.910263,2490217
"5938027971","Vanellus chilensis (Molina, 1782)","SPECIES",-38.734936,-72.637394,5229146
"5938027979","Viola reichei Skottsb.","SPECIES",-50.952133,-72.922478,7475242
"5938028441","Larus dominicanus M.H.K.Lichtenstein, 1823","SPECIES",-30.193992,-71.431121,2481173
"5938028445","Chlorostilbon mellisugus (Linnaeus, 1758)","SPECIES",5.160215,-52.629563,2476077
"5938028509","Dione vanillae (Linnaeus, 1758)","SPECIES",-34.583417,-58.417031,11701883
"5938028514","Tropaeolum ciliatum Ruiz & Pav.","SPECIES",-36.746533,-72.966809,7274344
"5938028534","Tyrannus melancholicus Vieillot, 1819","SPECIES",-15.737629,-47.864714,5229662
"5938028610","Progne chalybea (Gmelin, 1789)","SPECIES",-3.948746,-38.276104,2489133
"5938028616","Xylocopa augusti Lepeletier, 1841","SPECIES",-33.053972,-71.433058,1342364
"5938028647","Eurypedus peltoides Boheman, 1854","SPECIES",-29.014131,-49.444587,6272749
"5938028649","Rekoa palegon (Cramer, 1780)","SPECIES",-29.014141,-49.444587,4300406
"5938028650","Danaus eresimus plexaure","SUBSPECIES",-29.274047,-59.602314,5714302
"5938028654","Ortilia orthia (Hewitson, 1864)","SPECIES",-22.068455,-45.539867,1902114
"5938029338","Leucophaeus pipixcan (Wagler, 1831)","SPECIES",-12.128703,-77.036823,5846430
"5938029480","Phyllomedusa distincta Lutz, 1950","SPECIES",-24.362855,-47.030405,2427994
"5938029494","Machetornis rixosa (Vieillot, 1819)","SPECIES",-29.614026,-53.952447,2482934
"5938029499","Nasua nasua (Linnaeus, 1766)","SPECIES",-25.665877,-54.442293,2433536
"5938029599","Spatula versicolor (Vieillot, 1816)","SPECIES",-34.413876,-58.918728,9305555
"5938029696","Hippodamia convergens Guérin-Méneville, 1842","SPECIES",-31.538414,-61.067094,4989894
"5938029715","Cecropia maxima Snethl.","SPECIES",0.100243,-78.626471,4013639
"5938029716","Vachellia caven (Molina) Seigler & Ebinger","SPECIES",-34.538547,-58.443664,3795588
"5938029729","Falco sparverius Linnaeus, 1758","SPECIES",-26.540677,-48.870016,9685907
"5938029812","Oxyopes salticus Hentz, 1845","SPECIES",-26.012161,-48.601323,2178718
"5938029900","Microgramma squamulosa (Kaulf.) de la Sota","SPECIES",-28.046272,-49.519303,4025976
"5938030044","Pitangus sulphuratus (Linnaeus, 1766)","SPECIES",-26.935666,-48.974629,2482755
"5938030069","Psittacara leucophthalmus (Müller & Pls, 1776)","SPECIES",-19.757292,-42.635216,2479115
"5938030121","Hymenia perspectalis (Hübner, 1796)","SPECIES",9.449021,-70.377429,1886374
"5938030138","Argia joergenseni Ris, 1913","SPECIES",-31.926599,-64.591785,5051382
"5938030223","Adiantum chilense Kaulf.","SPECIES",-40.99562,-72.914803,7335525
"5938030230","Erythrodiplax corallina (Brauer, 1865)","SPECIES",-31.543519,-61.057419,1429025
"5938030231","Phacellodomus striaticollis (Orbigny & Lafresnaye, 1838)","SPECIES",-34.412548,-58.915812,2485123
"5938030259","Tyrannus melancholicus Vieillot, 1819","SPECIES",-22.815775,-47.230797,5229662
"5938030333","Smeringopus pallidus (Blackwall, 1858)","SPECIES",-23.33511,-46.620153,2150319
"5938030356","Lithraea caustica Hook. & Arn.","SPECIES",-33.414075,-70.568175,3660323
"5938030440","Crotophaga sulcirostris Swainson, 1827","SPECIES",-11.901525,-76.664159,2496211
"5938030441","Psilocybe cubensis (Earle) Singer","SPECIES",4.303456,-74.425561,5242510
"5938030458","Gazania rigens (L.) Gaertn.","SPECIES",-34.973556,-54.951575,3112455
"5938030496","Ardea cocoi Linnaeus, 1766","SPECIES",-34.539515,-58.440972,2480951
"5938030559","Chromacris psittacus (Gerstaecker, 1873)","SPECIES",0.172158,-78.935557,1714461
"5938030898","Ornidia obesa (Fabricius, 1775)","SPECIES",-25.38717,-48.977958,1543378
"5938030938","Tachyphonus surinamus (Linnaeus, 1766)","SPECIES",5.195123,-52.910123,2488566
"5938030949","Ectatomma brunneum Smith, 1858","SPECIES",-21.07837,-41.509003,1314146
"5938031025","Troglodytes musculus J.F.Naumann, 1823","SPECIES",-15.737629,-47.864714,8346347
"5938031093","Nannopterum brasilianum (J.F.Gmelin, 1789)","SPECIES",-34.608514,-58.358515,9399113
"5938031108","Sula variegata (Tschudi, 1843)","SPECIES",-32.547668,-71.470555,2480970
"5938031349","Mimus longicaudatus Tschudi, 1844","SPECIES",-3.645647,-80.611404,5231686
"5938031366","Thalasseus sandvicensis (Latham, 1787)","SPECIES",-22.986174,-43.68603,2481240
"5938031495","Lagria villosa (Fabricius, 1781)","SPECIES",-22.897125,-42.02763,10136799
"5938031505","Cestrum parqui (Lam.) L'Hér.","SPECIES",-32.852105,-70.864608,2928792
"5938031507","Sporophila lineola (Linnaeus, 1758)","SPECIES",-26.447164,-49.161442,2491330
"5938031511","Anartia amathea roeselia Eschscholtz, 1821","SUBSPECIES",-29.608808,-53.956931,5128011
"5938031515","Brachystele camporum (Lindl.) Schltr.","SPECIES",-34.911418,-55.044291,2840989
"5938031569","Columbina squammata (R.Lesson, 1831)","SPECIES",-19.530617,-44.125869,2495888
"5938031584","Boana albomarginata (Spix, 1824)","SPECIES",-24.410177,-47.830881,10782364
"5938031658","Pyrocephalus rubinus (Boddaert, 1783)","SPECIES",-37.736405,-57.442724,2483647
"5938031682","Hemiargus hanno (Stoll, 1790)","SPECIES",-9.747326,-35.826135,1927996
"5938031768","Turdus leucomelas Vieillot, 1818","SPECIES",-23.185974,-46.445832,2490726
"5938031796","Leistes superciliaris (Bonaparte, 1850)","SPECIES",-34.488786,-58.480459,2484271
"5938031963","Cavia fulgida Wagler, 1831","SPECIES",-20.364368,-40.336379,5219706
"5938032301","Coereba flaveola (Linnaeus, 1758)","SPECIES",-22.458767,-43.218572,2493744
"5938032311","Neogomphus edenticulatus Carle & Cook, 1984","SPECIES",-40.765548,-72.626984,1425566
"5938032349","Hirundinea ferruginea (Gmelin, 1788)","SPECIES",-26.440135,-49.167626,2483242
"5938032390","Otaria flavescens (Shaw, 1800)","SPECIES",-29.622156,-71.289902,5218774
"5938032392","Cichorium intybus L.","SPECIES",-35.086269,-57.519703,5392252
"5938032403","Passiflora capsularis L.","SPECIES",-23.208287,-46.966167,7313548
"5938032408","Cecropia mutisiana Mildbr.","SPECIES",4.319097,-74.366511,4013487
"5938032418","Ricinus communis L.","SPECIES",-0.966062,-80.720932,5380041
"5938032504","Blechnum hastatum Kaulf.","SPECIES",-39.693322,-73.114272,7296797
"5938032569","Myriophyllum aquaticum (Vell.) Verdc.","SPECIES",-33.4174,-70.601484,5361785
"5938032575","Loxosceles laeta (Nicolet, 1849)","SPECIES",-34.420004,-58.573366,5170659
"5938032639","Diaethria clymena (Cramer, 1775)","SPECIES",-29.615207,-53.690451,1909019
"5938032645","Solanum vestissimum Dunal","SPECIES",5.073128,-75.43757,2932030
"5938032650","Nicotiana glauca Graham","SPECIES",-31.434167,-64.164592,2928783
"5938032658","Dacnis cayana (Linnaeus, 1766)","SPECIES",-22.322885,-44.530819,2488352
"5938032702","Ambonus distinctus (Newman, 1840)","SPECIES",-23.61243,-46.651418,1106608
"5938032737","Callipielus arenosus Butler, 1882","SPECIES",-39.794126,-73.214655,1828985
"5938032770","Melanis smithiae (Westwood, 1851)","SPECIES",-29.703487,-53.590163,9622955
"5938032781","Passiflora miersii Mast.","SPECIES",-21.769328,-46.579995,3587090
"5938032836","Mutisia subulata Ruiz & Pav.","SPECIES",-33.289058,-70.308237,7336545
"5938032913","Capra hircus Linnaeus, 1758","SPECIES",-12.046574,-77.043089,2441056
"5938032941","Erythrolamprus poecilogyrus sublineatus (Cope, 1860)","SUBSPECIES",-29.696191,-51.481249,7878891
"5938032952","Trachycephalus mesophaeus (Hensel, 1867)","SPECIES",-23.459559,-45.061319,5217965
"5938032957","Alpinia purpurata (Vieill.) K.Schum.","SPECIES",5.064986,-75.59178,5301960
"5938032992","Actinote pellenea","SPECIES",-34.826305,-58.589596,9072828
"5938032998","Athene cunicularia (Molina, 1782)","SPECIES",-34.396293,-58.900121,2497240
"5938033050","Psarocolius decumanus (Pallas, 1769)","SPECIES",-18.920813,-54.866397,2484217
"5938033066","Chondrohierax uncinatus (Temminck, 1822)","SPECIES",-3.786033,-80.374963,2480571
"5938033633","Pleurodema thaul (Schneider, 1799)","SPECIES",-29.544334,-71.312294,2423479
"5938033640","Mirounga leonina (Linnaeus, 1758)","SPECIES",-34.539045,-58.441095,2434814
"5938033678","Tanychlamys W.H.Benson, 1834","GENUS",-26.808383,-49.266663,NA
"5938033689","Lactuca serriola L.","SPECIES",-31.171579,-64.342806,3140490
"5938035157","Dryocopus lineatus (Linnaeus, 1766)","SPECIES",3.714083,-73.703795,5228831
"5938035163","Polychrus liogaster Boulenger, 1908","SPECIES",-12.32217,-73.943398,2468048
"5938035827","Cotinusa trifasciata (Mello-Leitão, 1943)","SPECIES",-34.870392,-58.080528,2171112
"5938035846","Megalobulimus ovatus (O.F.Müller, 1774)","SPECIES",-22.354872,-43.092878,4598737
"5938035857","Steatoda triangulosa (Walckenaer, 1802)","SPECIES",-24.789038,-65.427758,2157242
"5938035887","Alpaida versicolor (Keyserling, 1877)","SPECIES",-23.545488,-46.731397,2159357
"5938035920","Sula leucogaster (Boddaert, 1783)","SPECIES",-23.00749,-44.312414,2480975
"5938035923","Neolema Monrós, 1951","GENUS",-25.387303,-48.979072,NA
"5938036017","Sicalis flaveola (Linnaeus, 1766)","SPECIES",-20.409598,-41.052352,2491862
"5938036130","Melilotus albus Medik.","SPECIES",-34.86793,-58.071433,2971095
"5938036150","Nothura boraquira (von Spix, 1825)","SPECIES",-18.80027,-41.896194,2477599
"5938036196","Tigrisoma lineatum (Boddaert, 1783)","SPECIES",-34.615074,-58.354359,2480869
"5938036251","Turnera subulata J.E.Sm.","SPECIES",-7.220903,-35.913469,4161154
"5938036257","Colibri coruscans (Gould, 1846)","SPECIES",5.043752,-75.445926,5228474
"5938036269","Lessingianthus rubricaulis (Bonpl.) H.Rob.","SPECIES",-34.870269,-58.076507,3125184
"5938036312","Geranoaetus polyosoma (Quoy & Gaimard, 1824)","SPECIES",-29.546451,-71.307712,2480552
"5938036320","Anous stolidus galapagensis Sharpe, 1879","SUBSPECIES",-0.487808,-90.280512,9512459
"5938036444","Nephilingis cruentata (Fabricius, 1775)","SPECIES",-27.577588,-48.518784,8264893
"5938036474","Sphenoclypeana parana (Distant, 1909)","SPECIES",-23.648221,-46.617371,2018818
"5938036481","Malamblia Jordan, 1907","GENUS",-38.632275,-72.210922,NA
"5938036498","Brachycephalus Fitzinger, 1826","GENUS",-23.529816,-47.1374,NA
"5938036519","Sphyraena barracuda (Edwards, 1771)","SPECIES",12.500522,-70.02893,9784990
"5938036534","Passiflora cincinnata Mast.","SPECIES",-17.754103,-63.194118,2874200
"5938036592","Eucometis penicillata (Spix, 1825)","SPECIES",-18.921167,-54.865933,2488524
"5938036607","Lardizabala biternata Ruiz & Pav.","SPECIES",-36.749009,-72.966186,4191601
"5938036635","Zonotrichia capensis (P.L.S.Müller, 1776)","SPECIES",-11.775292,-75.500073,5231103
"5938036769","Potentilla indica (Andrews) Th.Wolf","SPECIES",-36.815647,-73.067886,5365717
"5938036812","Cyanoliseus patagonus (Vieillot, 1818)","SPECIES",-29.613079,-71.28484,2479529
"5938036813","Phimosus infuscatus (Lichtenstein, 1823)","SPECIES",-34.492548,-58.47958,2480812
"5938036859","Rupornis magnirostris (Gmelin, 1788)","SPECIES",-31.535425,-61.062761,5844398
"5938036872","Diptilon halterata Fabricius, 1775","SPECIES",-29.613683,-53.69082,1816585
"5938036876","Marpesia petreus (Cramer, 1776)","SPECIES",-29.598044,-53.713646,5133621
"5938036982","Nycticorax nycticorax (Linnaeus, 1758)","SPECIES",-39.339705,-72.092475,2480863
"5938037048","Dione vanillae (Linnaeus, 1758)","SPECIES",-23.40968,-47.35743,11701883
"5938037050","Piprites chloris (Temminck, 1822)","SPECIES",-6.45116,-76.291593,2486429
"5938037053","Arundinicola leucocephala (Linnaeus, 1764)","SPECIES",-20.364368,-40.336379,2482671
"5938037104","Dendropsophus sarayacuensis (Shreve, 1935)","SPECIES",-1.401046,-78.066277,2428497
"5938037106","Spatula clypeata (Linnaeus, 1758)","SPECIES",6.147597,-75.398947,8332393
"5938037142","Datura innoxia Mill.","SPECIES",12.271605,-69.120605,2928755
"5938037148","Alstroemeria revoluta Ruiz & Pav.","SPECIES",-35.434687,-71.126542,2753768
"5938037164","Phytotoma rara Molina, 1782","SPECIES",-33.415442,-70.613935,2486493
"5938037181","Beilschmiedia berteroana (Gay) Kosterm.","SPECIES",-35.84978,-71.041401,4178220
"5938037262","Ocyurus chrysurus (Bloch, 1791)","SPECIES",12.518025,-70.037582,2385282
"5938037360","Himantopus mexicanus (P.L.S.Müller, 1776)","SPECIES",-30.280776,-71.504703,5229128
"5938038287","Argentagrion ambiguum (Ris, 1904)","SPECIES",-34.476205,-58.536566,5791664
"5938038345","Doxocopa laurentia (Godart, 1823)","SPECIES",-34.674499,-58.664244,1892736
"5938038380","Heptapleurum actinophyllum (Endl.) Lowry & G.M.Plunkett","SPECIES",-21.774593,-48.171892,11008739
"5938038381","Salvator merianae Duméril & Bibron, 1839","SPECIES",-33.949776,-58.362066,5227370
"5938038421","Athene cunicularia (Molina, 1782)","SPECIES",-6.798772,-43.022495,2497240
"5938038441","Cholus annulatus (C.Linnaeus, 1758)","SPECIES",-29.013916,-49.444871,1195415
"5938038466","Falco sparverius Linnaeus, 1758","SPECIES",-31.771694,-52.3417,9685907
"5938038514","Solanum vestissimum Dunal","SPECIES",5.073239,-75.437645,2932030
"5938038610","Buddleja pichinchensis Kunth","SPECIES",-0.133158,-78.418657,4055708
"5938039571","Stenocereus griseus (Haw.) Buxb.","SPECIES",12.078122,-68.868272,7284733
"5938039574","Hydrochoerus hydrochaeris (Linnaeus, 1766)","SPECIES",-27.581641,-48.508427,5786666
"5938039597","Stenopus hispidus (Olivier, 1811)","SPECIES",-8.50726,-34.998692,5178716
"5938039642","Cyanocorax caeruleus (Vieillot, 1818)","SPECIES",-27.076577,-48.884767,2482560
"5938039653","Hydrocotyle ranunculoides L.fil.","SPECIES",-29.954811,-71.254427,7978544
"5938039707","Alpaida veniliae (Keyserling, 1865)","SPECIES",-33.753098,-61.900393,2159317
"5938039714","Chrysomus ruficapillus (Vieillot, 1819)","SPECIES",-22.330227,-44.532163,2484099
"5938039740","Pitangus sulphuratus (Linnaeus, 1766)","SPECIES",-34.492914,-58.479029,2482755
"5938040338","Aristotelia chilensis (Molina) Stuntz","SPECIES",-34.80327,-70.743872,5651082
"5938040349","Mimus thenca (Molina, 1782)","SPECIES",-34.252436,-71.727976,5231685
"5938040503","Thamnophilus palliatus (Lichtenstein, 1823)","SPECIES",-22.693911,-43.919293,5959210
"5938040575","Cyrtonota sexpustulata (Fabricius, 1781)","SPECIES",-22.928412,-42.583582,6271573
"5938041164","Turdus amaurochalinus Cabanis, 1850","SPECIES",-25.1718,-57.4809,2490752
"5938041168","Pseudomops neglectus Shelford, 1906","SPECIES",-36.268969,-61.047959,1997965
"5938041187","Mareca sibilatrix (Poeppig, 1829)","SPECIES",-39.16261,-67.106651,9508460
"5938041531","Chauna torquata (Oken, 1816)","SPECIES",-16.42532,-56.670115,5959222
"5938041609","Gasteracantha cancriformis (Linnaeus, 1758)","SPECIES",-23.58356,-46.47881,2158546
"5938042333","Evania appendigaster (Linnaeus, 1758)","SPECIES",-26.151606,-48.716967,1249184
"5938042341","Osca lata (Guérin, 1835)","SPECIES",-39.727626,-71.601043,9952544
"5938042384","Macrostemum ulmeri (Banks, 1913)","SPECIES",-25.387188,-48.978108,1439318
"5938042398","Fluvicola nengeta (Linnaeus, 1766)","SPECIES",-20.364368,-40.336379,5229568
"5938042428","Icterus pyrrhopterus (Vieillot, 1819)","SPECIES",-34.781311,-58.842257,5229845
"5938042438","Ligia exotica Roux, 1828","SPECIES",5.286204,-52.585053,5175654
"5938042451","Setaria sulcata Raddi","SPECIES",-27.291363,-55.49663,5673534
"5938042452","Buteogallus urubitinga (Gmelin, 1788)","SPECIES",-29.244744,-59.588953,2480657
"5938043699","Podilymbus podiceps (Linnaeus, 1758)","SPECIES",-35.116567,-59.107571,2482077
"5938043743","Falconina gracilis (Keyserling, 1891)","SPECIES",-32.915383,-68.840792,2149064
"5938043806","Cyanoliseus patagonus (Vieillot, 1818)","SPECIES",-40.805964,-65.080131,2479529
"5938043812","Armadillidium vulgare (Latreille, 1804)","SPECIES",-36.834727,-72.43165,2203611
"5938043822","Carpobrotus chilensis (Molina) N.E.Br.","SPECIES",-29.603995,-49.988892,3084844
"5938043836","Trogon viridis Linnaeus, 1766","SPECIES",4.827074,-52.48414,2496647
"5938043879","Neogale Gray, 1865","GENUS",-45.486694,-72.269521,NA
"5938043963","Paraselenis axillaris (Sahlberg, 1823)","SPECIES",-23.28475,-44.633294,6273854
"5938043995","Anthracothorax nigricollis (Vieillot, 1817)","SPECIES",-27.368931,-53.385322,2476718
"5938044043","Anarhynchus Quoy & Gaimard, 1832","GENUS",-29.613079,-71.28484,NA
"5938044162","Baccharis macraei Hook. & Arn.","SPECIES",-33.623781,-71.630765,3129149
"5938044187","Ameiva ameiva (Linnaeus, 1758)","SPECIES",0.654022,-51.635958,2472164
"5938044192","Veniliornis passerinus (Linnaeus, 1766)","SPECIES",-22.621125,-52.172226,2478345
"5938044194","Cecropia telenitida Cuatrec.","SPECIES",4.638661,-74.060035,4013242
"5938044200","Ancyluris tedea (Cramer, 1777)","SPECIES",4.827074,-52.48414,1936444
"5938044212","Senegalia bonariensis (Gillies ex Hook. & Arn.) Seigler & Ebinger","SPECIES",-32.527414,-58.037928,3796196
"5938044223","Hypanartia bella Fabricius, 1793","SPECIES",-29.632641,-53.61125,1894085
"5938044241","Escallonia pulverulenta (Ruiz & Pav.) Pers.","SPECIES",-34.80283,-70.744713,7278596
"5938044272","Schizanthus hookeri Gillies ex Graham","SPECIES",-33.284162,-70.304642,7299359
"5938044297","Apareiodon affinis (Steindachner, 1879)","SPECIES",-32.878802,-60.686839,2354816
"5938044387","Sicalis flaveola (Linnaeus, 1766)","SPECIES",4.992236,-74.337499,2491862
"5938044477","Eccremocarpus scaber Ruiz & Pav.","SPECIES",-33.020314,-70.987175,7298749
"5938044504","Membracis Fabricius, 1775","GENUS",-18.714298,-39.857118,NA
"5938044578","Dipsas neuwiedi (Ihering, 1911)","SPECIES",-23.749063,-45.744933,10959552
"5938044589","Caracara plancus (J.F.Miller, 1777)","SPECIES",-49.281578,-72.961563,2480989
"5938044599","Gecarcinidae","FAMILY",-0.298013,-80.399772,NA
"5938044615","Troglodytes musculus J.F.Naumann, 1823","SPECIES",-54.931901,-67.643123,8346347
"5938044685","Sicalis flaveola (Linnaeus, 1766)","SPECIES",-37.930444,-57.727376,2491862
"5938044731","Erythrodiplax nigricans (Rambur, 1842)","SPECIES",-31.54235,-61.070417,1429000
"5938044754","Ectatomma ruidum (Roger, 1860)","SPECIES",5.199133,-74.889168,1314139
"5938044766","Dryadula phaetusa (Linnaeus, 1758)","SPECIES",-27.404562,-55.622182,1896749
"5938044767","Solanum bonariense L.","SPECIES",-34.492471,-58.481072,2929628
"5938044781","Chuquiraga jussieui J.F.Gmel.","SPECIES",-0.189772,-78.585114,3109505
"5938044821","Coenobita compressus H.Milne-Edwards, 1836","SPECIES",-0.763451,-90.346604,5716740
"5938044892","Falco sparverius Linnaeus, 1758","SPECIES",-41.155842,-63.154553,9685907
"5938044922","Tachyeres pteneres (J.R.Forster, 1844)","SPECIES",-54.943099,-68.249086,2498234
"5938044932","Chelonia mydas (Linnaeus, 1758)","SPECIES",-0.638448,-90.275603,2442225
"5938044968","Leptodeira ornata (Bocourt, 1884)","SPECIES",4.119547,-74.982462,9265052
"5938044987","Asthenoctenus borellii Simon, 1897","SPECIES",-34.870378,-58.080577,5170133
"5938045323","Elaenia spectabilis Pelzeln, 1868","SPECIES",-32.218889,-64.641389,5229614
"5938045325","Opuntia dillenii (Ker Gawl.) Haw.","SPECIES",-6.058443,-35.096827,6378623
"5938045334","Aphrastura spinicauda (Gmelin, 1789)","SPECIES",-54.589205,-67.721345,2485042
"5938045339","Heliconius numata silvana","SUBSPECIES",-3.062878,-59.905511,1900172
"5938045345","Psilocybe cubensis (Earle) Singer","SPECIES",4.304622,-74.425863,5242510
"5938046581","Spinus barbatus (Molina, 1782)","SPECIES",-53.159859,-70.915118,6092488
"5938046591","Hastula cinerea (Born, 1778)","SPECIES",-8.19128,-34.918409,5193091
"5938047488","Ceretes marcellserres (Godard, 1824)","SPECIES",-22.350608,-42.32545,7767365
"5938047496","Tranopelta gilva Mayr, 1866","SPECIES",4.450484,-75.196927,1326106
"5938047538","Phymactis papillosa (Lesson, 1830)","SPECIES",-34.425445,-72.044167,2256771
"5938047543","Eryngium horridum Malme","SPECIES",-34.412697,-58.915496,3630671
"5938048106","Egretta thula (Molina, 1782)","SPECIES",-23.587022,-46.659625,2480873
"5938048122","Omophoita Chevrolat, 1836","GENUS",-25.387613,-48.977608,NA
"5938048228","Pyractonema bifenestrata (Fairmaire & Germain, 1862)","SPECIES",-36.847522,-73.047675,7883659
"5938048229","Anurocampa mingens Herrich-Schäffer, 1854","SPECIES",-25.387278,-48.978062,1827145
"5938048327","Cygnus melancoryphus (Molina, 1782)","SPECIES",-36.846345,-73.090461,2498335
"5938048329","Caracara plancus (J.F.Miller, 1777)","SPECIES",-24.937526,-57.492027,2480989
"5938048332","Heliotropium amplexicaule Vahl","SPECIES",-38.068026,-62.075226,2925790
"5938048352","Codonorchis lessonii (d'Urv.) Lindl.","SPECIES",-50.94393,-72.936262,5307866
"5938048421","Sparisoma aurofrenatum (Valenciennes, 1840)","SPECIES",12.225809,-69.091977,2393918
"5938048440","Hyles euphorbiarum Guérin-Méneville & Percheron, 1835","SPECIES",-28.503511,-65.804728,1862874
"5938048462","Nyctelius nyctelius (Latreille, 1824)","SPECIES",-31.380579,-58.030776,1946469
"5938049819","Coragyps atratus (Bechstein, 1793)","SPECIES",-28.094771,-48.631941,2481942
"5938049931","Tyrannus melancholicus Vieillot, 1819","SPECIES",-15.737629,-47.864714,5229662
"5938049944","Rhionaeschna planaltica (Calvert, 1952)","SPECIES",-32.514852,-58.032014,1424977
"5938049947","Myiopsitta monachus (Boddaert, 1783)","SPECIES",-31.541986,-61.070547,2479407
"5938049970","Leistes loyca (Molina, 1782)","SPECIES",-41.090147,-73.097584,2484272
"5938049976","Oarisma boeta (Hewitson, 1870)","SPECIES",-2.755168,-78.746653,1951338
"5938050027","Momordica charantia L.","SPECIES",-2.93024,-41.334371,2874581
"5938050048","Danielaparra fragmentata","SPECIES",-45.36144,-72.682089,10573570
"5938050107","Hamadryas epinome (Felder, 1867)","SPECIES",-29.655637,-53.78197,5129502
"5938050111","Scymnobius bilucernarius (Mulsant, 1850)","SPECIES",10.438471,-64.180408,1043156
"5938050116","Myiopsitta monachus (Boddaert, 1783)","SPECIES",-35.472381,-58.799406,2479407
"5938050850","Crinocerus sanctus (Fabricius, 1775)","SPECIES",9.357037,-73.888882,4390503
"5938050942","Galega officinalis L.","SPECIES",-32.852067,-70.864028,2975667
"5938050960","Espadarana prosoblepon (Boettger, 1892)","SPECIES",-0.048644,-78.78273,9132909
"5938051304","Molothrus bonariensis (Gmelin, 1789)","SPECIES",-15.588239,-56.090516,2484396
"5938051344","Rhetus arcius (Linnaeus, 1763)","SPECIES",-22.997002,-43.374987,1936388
"5938051369","Quillaja saponaria Molina","SPECIES",-33.067497,-71.381012,3029379
"5938051405","Chrysomus ruficapillus (Vieillot, 1819)","SPECIES",-6.798705,-43.02255,2484099
"5938051420","Myrmoderus squamosus (Pelzeln, 1868)","SPECIES",-23.315507,-44.716129,2490156
"5938051465","Apis mellifera Linnaeus, 1758","SPECIES",0.056914,-78.401844,1341976
"5938051467","Vanellus chilensis (Molina, 1782)","SPECIES",-18.916687,-54.864808,5229146
"5938052556","Daptrius Vieillot, 1816","GENUS",-51.590649,-72.607022,NA
"5938052840","Argiope argentata (Fabricius, 1775)","SPECIES",4.266612,-75.93391,5170999
"5938052906","Passer domesticus (Linnaeus, 1758)","SPECIES",-31.573258,-71.109597,5231190
"5938052949","Leptodactylus petersii (Steindachner, 1864)","SPECIES",5.194206,-52.909748,5217495
"5938052998","Opuntia caracassana Salm-Dyck","SPECIES",12.264756,-69.115669,5620895
"5938053005","Azurina multilineata (Guichenot, 1853)","SPECIES",12.227995,-69.092461,5212222
"5938053069","Dione vanillae (Linnaeus, 1758)","SPECIES",-34.256963,-58.633153,11701883
"5938053074","Liolaemus schroederi Müller & Hellmich, 1938","SPECIES",-36.737043,-72.987468,2460594
"5938053127","Phrygilus patagonicus Lowe, 1923","SPECIES",-54.69199,-68.127727,5231073
"5938053155","Thalia multiflora Horkel ex Körn.","SPECIES",-35.086384,-57.519118,5303036
"5938053241","Sicalis flaveola (Linnaeus, 1766)","SPECIES",-25.3286,-57.5446,2491862
"5938053291","Bombus terrestris (Linnaeus, 1758)","SPECIES",-36.815692,-73.067755,1340503
"5938054493","Cygnus melancoryphus (Molina, 1782)","SPECIES",-36.737167,-73.002549,2498335
"5938054498","Xanthium spinosum L.","SPECIES",-31.319612,-64.456357,3089150
"5938054559","Patagioenas picazuro (Temminck, 1813)","SPECIES",-34.523282,-58.468015,2495287
"5938054616","Mutisia sinuata Cav.","SPECIES",-33.287972,-70.307547,7353544
"5938055016","Mallodon spinibarbis Bodkin, 1919","SPECIES",-34.726967,-58.666641,4907702
"5938055024","Clinopodium chilense (Benth.) Govaerts","SPECIES",-33.067283,-71.015428,3887808
"5938055025","Puya coerulea Lindl.","SPECIES",-33.072705,-71.018622,2696120
"5938055061","Chauliognathus Hentz, 1830","GENUS",-35.055912,-58.122292,NA
"5938055067","Clematicissus striata (Ruiz & Pav.) Lombardi","SPECIES",-39.683414,-73.100106,7541047
"5938055075","Pyrogaster moestus (Germar, 1824)","SPECIES",-25.387347,-48.978508,7503175
"5938055090","Phrynops hilarii (Duméril & Bibron, 1835)","SPECIES",-37.764477,-57.451967,2442089
"5938055459","Setophaga castanea (A.Wilson, 1810)","SPECIES",6.479141,-75.302548,6093202
"5938055896","Phoracantha recurva Newman, 1840","SPECIES",-36.271388,-71.41517,1114246
"5938055926","Tyrannus melancholicus Vieillot, 1819","SPECIES",4.626311,-74.074,5229662
"5938055964","Columbina picui (Temminck, 1813)","SPECIES",-30.19802,-71.422057,2495865
"5938055977","Furnarius rufus (Gmelin, 1788)","SPECIES",-41.152408,-63.127847,2485821
"5938056006","Cecropia litoralis Snethl.","SPECIES",-1.670527,-80.45593,4013144
"5938056026","Bombus terrestris (Linnaeus, 1758)","SPECIES",-54.588955,-67.720475,1340503
"5938056079","Myiobius barbatus (Gmelin, 1789)","SPECIES",-22.954224,-43.486729,2483306
"5938056080","Trichomyrmex destructor (Jerdon, 1851)","SPECIES",5.199097,-74.889116,1314508
"5938056081","Argiope argentata (Fabricius, 1775)","SPECIES",-33.219361,-66.233009,5170999
"5938056157","Macrosiagon Hentz, 1830","GENUS",-9.954115,-63.01237,NA
"5938056165","Cyclocephala lunulata Burmeister, 1847","SPECIES",-0.255988,-79.126909,4994907
"5938056787","Paratemnoides nidificator (Balzan, 1888)","SPECIES",-9.904423,-56.097745,2126347
"5938056800","Myocastor coypus (Molina, 1782)","SPECIES",-41.928335,-73.625374,4264680
"5938056809","Harmonia axyridis (Pallas, 1773)","SPECIES",-23.055145,-46.63862,4989904
"5938056850","Sciurillus pusillus (É.Geoffroy Saint-Hilaire, 1803)","SPECIES",4.827342,-52.497307,9195979
"5938056890","Philodendron eximium Schott","SPECIES",-23.752355,-45.782387,2871217
"5938057237","Scutia buxifolia Reissek","SPECIES",-34.551252,-55.775846,7819318
"5938057259","Ardea alba Linnaeus, 1758","SPECIES",10.485067,-66.83911,9752617
"5938057265","Nyctanassa violacea pauper (P.L.Sclater & Salvin, 1870)","SUBSPECIES",-0.743513,-90.312072,2480953
"5938058302","Echium vulgare L.","SPECIES",-39.376461,-71.949248,2925892
"5938058331","Platalea ajaja Linnaeus, 1758","SPECIES",5.1072,-52.5872,2480803
"5938058350","Palicourea rigida Kunth","SPECIES",-14.157843,-47.822927,2898841
"5938058387","Gaiadendron punctatum (Ruiz & Pav.) G.Don","SPECIES",-2.957058,-78.707672,7288046
"5938058398","Liolaemus pictus (Duméril & Bibron, 1837)","SPECIES",-39.378896,-71.938029,9011036
"5938058431","Furnarius rufus (Gmelin, 1788)","SPECIES",-25.498278,-64.963717,2485821
"5938058470","Nengetus cinereus (Vieillot, 1816)","SPECIES",-34.854914,-58.417727,2482741
"5938058506","Hypselonotus interruptus Hahn, 1833","SPECIES",-25.387617,-48.977612,5156094
"5938058554","Anartia jatrophae (Linnaeus, 1763)","SPECIES",-7.891187,-34.845135,5128007
"5938058560","Arctosa sapiranga Silva & Lise, 2009","SPECIES",-29.597192,-53.712409,6719647
"5938058564","Physalia physalis (Linnaeus, 1758)","SPECIES",-3.344703,-39.142296,2264734
"5938058598","Sphenorhina rubra (Linnaeus, 1758)","SPECIES",-25.387287,-48.978905,5153996
"5938058600","Ipomoea pes-caprae (L.) R.Br.","SPECIES",-0.93874,-80.728524,7999386
"5938058607","Anartia amathea (Linnaeus, 1758)","SPECIES",-22.45046,-44.085139,5128011
"5938058679","Steatoda retorta González, 1987","SPECIES",-33.185894,-66.164155,2157225
"5938058736","Liolaemus villaricensis Müller & Hellmich, 1932","SPECIES",-39.32979,-71.90431,9362458
"5938059342","Trifolium repens L.","SPECIES",-54.650445,-67.786422,5358748
"5938059352","Doxocopa laurentia (Godart, 1823)","SPECIES",-34.87047,-58.080647,1892736
"5938059375","Eupetomena macroura (J.F.Gmelin, 1788)","SPECIES",-27.940911,-52.92167,2476667
"5938059401","Thraupis palmarum (Wied-Neuwied, 1821)","SPECIES",0.693589,-51.38847,9436876
"5938061419","Stolas festiva (Klug, 1829)","SPECIES",-24.688892,-65.395967,6272238
"5938061430","Salvator merianae Duméril & Bibron, 1839","SPECIES",-25.715541,-48.481301,5227370
"5938061521","Bagassa guianensis Aubl.","SPECIES",4.849643,-52.605378,3763926
"5938061528","Copeoglossum nigropunctatum (Spix, 1825)","SPECIES",4.869446,-52.621681,8215919
"5938061600","Boa constrictor Linnaeus, 1758","SPECIES",-21.934022,-46.716969,2464899
"5938062211","Exaerete smaragdina (Guérin-Méneville, 1844)","SPECIES",10.71747,-61.298287,1339680
"5938062238","Dolichothele exilis Mello-Leitão, 1923","SPECIES",-7.866262,-38.121025,9465221
"5938062643","Catorhintha selector Stål, 1860","SPECIES",10.438474,-64.180374,8372557
"5938063332","Myiopsitta monachus (Boddaert, 1783)","SPECIES",-31.676486,-60.753597,2479407
"5938063334","Rhinella arenarum (Hensel, 1867)","SPECIES",-34.401478,-53.793372,5216921
"5938063342","Nothofagus obliqua (Mirb.) Oerst.","SPECIES",-34.803363,-70.743897,2874984
"5938063347","Nannopterum brasilianum (J.F.Gmelin, 1789)","SPECIES",-34.607385,-58.358976,9399113
"5938063400","Kageneckia oblonga Ruiz & Pav.","SPECIES",-33.370598,-70.399422,3016219
"5938063443","Micrathyria hypodidyma Calvert, 1906","SPECIES",-34.846224,-57.954019,1427658
"5938063473","Elaenia albiceps (Orbigny & Lafresnaye, 1837)","SPECIES",-33.359678,-71.664102,5229651
"5938063477","Omophoita Chevrolat, 1836","GENUS",-25.387578,-48.977592,NA
"5938063504","Pawiloma victima (Germar, 1821)","SPECIES",-34.812347,-57.975931,2038953
"5938063522","Periplaneta americana (Linnaeus, 1758)","SPECIES",-24.786808,-65.427147,2000152
"5938063537","Oressinoma typhla Doubleday, 1849","SPECIES",6.316738,-75.024094,1896876
"5938063588","Embothrium coccineum J.R.Forst. & G.Forst.","SPECIES",-39.381644,-71.92645,7124132
"5938063606","Phymata fortificata (Herrich-Schaeffer, 1844)","SPECIES",-29.013969,-49.444692,9255364
"5938063615","Molothrus bonariensis (Gmelin, 1789)","SPECIES",-34.486746,-58.480512,2484396
"5938063619","Salvator merianae Duméril & Bibron, 1839","SPECIES",-23.866135,-52.318305,5227370
"5938063656","Berberis microphylla G.Forst.","SPECIES",-39.381576,-71.926504,7300375
"5938063664","Fulica rufifrons Philippi & Landbeck, 1861","SPECIES",-39.162209,-67.10466,2474390
"5938063684","Polybia ignobilis (Haliday, 1836)","SPECIES",-23.542412,-46.701649,5032870
"5938063705","Euphonia chlorotica (Linnaeus, 1766)","SPECIES",-23.865878,-52.318528,2487964
"5938063732","Zenaida auriculata (Des Murs, 1847)","SPECIES",-2.755168,-78.746653,2495358
"5938063734","Cycloneda sanguinea (Linnaeus, 1763)","SPECIES",-24.819198,-65.405633,1043105
"5938063736","Sicalis flaveola (Linnaeus, 1766)","SPECIES",-3.267812,-79.30528,2491862
"5938063751","Eryphus laetus (Blanchard, 1851)","SPECIES",-39.381511,-71.926651,1139362
"5938063771","Argiope argentata (Fabricius, 1775)","SPECIES",-20.05519,-44.567496,5170999
"5938063775","Cicciana latreillei (Distant, 1908)","SPECIES",-25.387325,-48.979058,2029369
"5938063780","Strymon Hübner, 1818","GENUS",-34.869917,-58.079669,NA
"5938063791","Gaultheria myrsinoides Kunth","SPECIES",-0.024561,-78.016517,4170522
"5938063821","Jacana jacana (Linnaeus, 1766)","SPECIES",-22.669661,-43.886855,2481846
"5938063906","Gnorimopsar chopi (Vieillot, 1819)","SPECIES",-22.678845,-43.892199,2484413
"5938063931","Euphonia violacea (Linnaeus, 1758)","SPECIES",-15.847412,-48.978791,2487970
"5938063943","Guira guira (Gmelin, 1788)","SPECIES",-13.907762,-38.928705,2496462
"5938063952","Columbina squammata (R.Lesson, 1831)","SPECIES",-3.948746,-38.276104,2495888
"5938063987","Brugmansia sanguinea (Ruiz & Pav.) D.Don","SPECIES",-0.377203,-78.140765,5341760
"5938064043","Tyrannus melancholicus Vieillot, 1819","SPECIES",-38.696398,-62.353824,5229662
"5938064065","Smilisca phaeota (Cope, 1862)","SPECIES",-0.293701,-79.53718,2428683
"5938064125","Palicourea angustifolia Kunth","SPECIES",6.280962,-75.50201,2899281
"5938064615","Tringa flavipes (J.F.Gmelin, 1789)","SPECIES",-23.006032,-43.634303,2481721
"5938064621","Azara lanceolata Hook.fil.","SPECIES",-39.50589,-72.421808,6043486
"5938064639","Hydrocotyle ranunculoides L.fil.","SPECIES",-12.222125,-76.987372,7978544
"5938064693","Trifolium repens L.","SPECIES",-34.600405,-58.572975,5358748
"5938064695","Colaptes melanochloros (J.F.Gmelin, 1788)","SPECIES",-29.626001,-53.946485,2478272
"5938064729","Leptograpsus variegatus (Fabricius, 1793)","SPECIES",-37.14878,-73.586655,5178604
"5938064745","Coelosis bicornis (Leske, 1779)","SPECIES",-20.760387,-41.532558,1074674
"5938064806","Centaurea melitensis L.","SPECIES",-33.289537,-70.544,3128091
"5938064867","Misumenops callinurus Mello-Leitão, 1929","SPECIES",-27.010938,-48.579312,2166923
"5938064877","Rupornis magnirostris (Gmelin, 1788)","SPECIES",5.076795,-75.527618,5844398
"5938064945","Geranoaetus melanoleucus (Vieillot, 1819)","SPECIES",-46.157375,-72.315399,2480668
"5938065043","Saltator maximus maximus (P.L.S.Müller, 1776)","SUBSPECIES",-9.531774,-35.849388,5230942
"5938065075","Leistes loyca (Molina, 1782)","SPECIES",-41.152952,-63.153822,2484272
"5938065085","Paroaria capitata (d'Orbigny & Lafresnaye, 1837)","SPECIES",-34.619363,-58.361381,2492087
"5938065089","Columbina squammata (R.Lesson, 1831)","SPECIES",-3.948746,-38.276104,2495888
"5938065103","Cicciana latreillei (Distant, 1908)","SPECIES",-25.387158,-48.978047,2029369
"5938065143","Pygochelidon cyanoleuca (Vieillot, 1817)","SPECIES",-31.333752,-54.10803,2489208
"5938066316","Berberis trigona Kunze","SPECIES",-39.38186,-71.926193,7300262
"5938066345","Dipsacus fullonum L.","SPECIES",-38.088516,-57.578247,8435025
"5938066356","Hirundinea ferruginea (Gmelin, 1788)","SPECIES",-19.756809,-42.63404,2483242
"5938066367","Heliconius eratophylla Joicey & Kaye, 1917","SPECIES",-29.631361,-53.612746,1900872
"5938066391","Oryba kadeni Schaufuss, 1870","SPECIES",5.089633,-52.773538,5123701
"5938066413","Polioptila dumicola (Vieillot, 1817)","SPECIES",-34.598754,-58.351607,2487593
"5938066440","Philodryas patagoniensis (Girard, 1858)","SPECIES",-35.79376,-70.137801,2453506
"5938066464","Fluvicola albiventer (Spix, 1825)","SPECIES",-29.252812,-59.594525,5229564
"5938066520","Oxyura vittata (Philippi, 1860)","SPECIES",-32.63185,-71.420982,5232469
"5938066525","Hemithraupis flavicollis (Vieillot, 1818)","SPECIES",-19.75706,-42.628538,2488081
"5938066585","Leporinus friderici (Bloch, 1794)","SPECIES",4.727007,-52.971144,2355324
"5938066649","Lepidocolaptes angustirostris (Vieillot, 1818)","SPECIES",-34.51487,-58.469981,2486024
"5938066684","Daptrius Vieillot, 1816","GENUS",-34.517373,-58.469666,NA
"5938067292","Coragyps atratus (Bechstein, 1793)","SPECIES",6.253483,-75.583176,2481942
"5938067310","Macronectes giganteus (Gmelin, 1789)","SPECIES",-54.975155,-68.37783,2481515
"5938067315","Polioptila dumicola (Vieillot, 1817)","SPECIES",-25.304973,-57.527825,2487593
"5938067332","Hylephila phyleus (Drury, 1773)","SPECIES",-35.647565,-63.744538,5715127
"5938067403","Aextoxicon punctatum Ruiz & Pav.","SPECIES",-39.339705,-72.092475,4195638
"5938067419","Riodina lycisca Doubleday, 1847","SPECIES",-34.332627,-58.701232,1935350
"5938067433","Atta cephalotes (Linnaeus, 1758)","SPECIES",-4.134459,-78.618112,5035748
"5938067437","Salvator merianae Duméril & Bibron, 1839","SPECIES",-34.491951,-58.479518,5227370
"5938067442","Liolaemus pictus (Duméril & Bibron, 1837)","SPECIES",-39.752775,-71.549374,9011036
"5938067499","Opuntia dillenii (Ker Gawl.) Haw.","SPECIES",-6.058562,-35.097032,6378623
"5938067518","Haematoxylum brasiletto H.Karst.","SPECIES",12.260731,-69.12291,2950907
"5938067592","Fluvicola nengeta (Linnaeus, 1766)","SPECIES",-22.597455,-47.879147,5229568
"5938067607","Elaenia albiceps (Orbigny & Lafresnaye, 1837)","SPECIES",-45.0406,-72.172202,5229651
"5938067620","Thaumatophyllum corcovadense (Kunth) Sakur., Calazans & Mayo","SPECIES",-23.743405,-45.72957,9650634
"5938067721","Pseudomops neglectus Shelford, 1906","SPECIES",-23.583414,-46.478284,1997965
"5938067759","Pseudopipra pipra (Linnaeus, 1758)","SPECIES",5.196088,-52.910322,2487639
"5938067840","Eriphia gonagra (Fabricius, 1781)","SPECIES",-13.014782,-38.469276,5968765
"5938067847","Blechnum mochaenum G.Kunkel","SPECIES",-35.978483,-72.692342,9590126
"5938067917","Turdus amaurochalinus Cabanis, 1850","SPECIES",-33.008175,-58.48428,2490752
"5938067923","Embernagra platensis (J.F.Gmelin, 1789)","SPECIES",-33.651711,-58.723335,2492002
"5938067927","Jubaea chilensis (Molina) Baill.","SPECIES",-33.469337,-71.47058,2735138
"5938068330","Myiothlypis leucoblephara (Vieillot, 1817)","SPECIES",-22.717815,-45.82688,8158524
"5938068370","Harmonia axyridis (Pallas, 1773)","SPECIES",-25.387425,-48.977692,4989904
"5938068399","Mimus saturninus (Lichtenstein, 1823)","SPECIES",-34.499173,-58.477968,5231675
"5938068810","Paectes arcigera Guenée, 1852","SPECIES",-5.955941,-39.081665,1780618
"5938068859","Melanchroia aterea (Stoll, 1781)","SPECIES",-29.47465,-49.834601,1963425
"5938068878","Hemirhipus Latreille, 1825","GENUS",-32.332925,-58.077708,NA
"5938068896","Tarentola mauritanica (Linnaeus, 1758)","SPECIES",-34.743492,-58.374615,2445034
"5938068943","Larus dominicanus M.H.K.Lichtenstein, 1823","SPECIES",-53.169777,-70.914696,2481173
"5938068997","Zonotrichia capensis (P.L.S.Müller, 1776)","SPECIES",-34.491602,-58.479458,5231103
"5938069048","Pyrocephalus rubinus (Boddaert, 1783)","SPECIES",-36.471213,-56.698813,2483647
"5938069077","Chionomesa lactea (R.Lesson, 1832)","SPECIES",-18.80027,-41.896194,11070437
"5938069078","Synallaxis spixi P.L.Sclater, 1856","SPECIES",-26.517538,-49.060215,2484989
"5938069088","Cypherotylus Crotch, 1873","GENUS",4.31713,-74.366596,NA
"5938069089","Siproeta stelenes Linnaeus, 1758","SPECIES",4.51005,-75.655175,4299213
"5938069096","Machetornis rixosa (Vieillot, 1819)","SPECIES",-34.571589,-58.416274,2482934
"5938069191","Spatula platalea (Vieillot, 1816)","SPECIES",-34.190504,-62.793271,9290528
"5938069243","Coptopteryx argentina Burmeister, 1864","SPECIES",-27.291365,-55.48916,6725734
"5938069244","Rhea americana (Linnaeus, 1758)","SPECIES",-34.667642,-54.324892,2495165
"5938069249","Vernonanthura nudiflora (Less.) H.Rob.","SPECIES",-31.80725,-64.939933,3110446
"5938069267","Anas georgica J.F.Gmelin, 1789","SPECIES",-50.321792,-72.266228,2498127
"5938069297","Coryphistera alaudina Burmeister, 1860","SPECIES",-32.466455,-58.170368,2485606
"5938070302","Berberis ruscifolia Lam.","SPECIES",-32.364258,-64.950295,7300231
"5938070397","Araucaria angustifolia (Bertol.) Kuntze","SPECIES",-28.067459,-49.611486,2684940
"5938070409","Synoeca cyanea (Fabricius, 1775)","SPECIES",-22.435,-43.161326,1311718
"5938070412","Pristocnemus pustulatus Koch, 1839","SPECIES",-25.38722,-48.978128,11188635
"5938070477","Molchina hopei (Perty, 1833)","SPECIES",5.291529,-53.052263,4391079
"5938070566","Cornu aspersum (O.F.Müller, 1774)","SPECIES",0.014928,-78.430489,5858758
"5938070600","Tyrannus melancholicus Vieillot, 1819","SPECIES",-34.525578,-58.464878,5229662
"5938070709","Schinus longifolia (Lindl.) Speg.","SPECIES",-34.540661,-55.794619,7412160
"5938070732","Morchella gracilis T.J.Baroni, Iturr. & Laessoe","SPECIES",7.208726,-72.960123,10854933
"5938070759","Salicornia neei Lag.","SPECIES",-30.11695,-71.372703,8054753
"5938070765","Fregata magnificens Mathews, 1914","SPECIES",-20.364368,-40.336379,2480189
"5938070838","Aristeguietia salvia (Colla) R.M.King & H.Rob.","SPECIES",-32.852255,-70.864617,3142884
"5938070872","Philodendron simonianum Sakur.","SPECIES",-23.619052,-45.610211,2870996
"5938070874","Micranthocereus purpureus (Gürke) F.Ritter","SPECIES",-13.367339,-41.241453,3942992
"5938070892","Daucus carota L.","SPECIES",-34.537015,-58.445587,3034742
"5938070941","Tyrannus savana Vieillot, 1808","SPECIES",-34.39645,-58.899016,5229693
"5938072439","Averrhoa bilimbi L.","SPECIES",-23.822577,-46.111467,2891640
"5938072479","Ramphocelus carbo (Pallas, 1764)","SPECIES",-11.011781,-65.999849,2488442
"5938072488","Atteva pustulella Fabricius, 1794","SPECIES",-32.527425,-58.037885,1830681
"5938073616","Myiarchus ferox (Gmelin, 1789)","SPECIES",5.159596,-52.62893,2483559
"5938073632","Nycticorax nycticorax (Linnaeus, 1758)","SPECIES",-54.818025,-68.32013,2480863
"5938073650","Patagioenas picazuro (Temminck, 1813)","SPECIES",-34.527499,-58.462452,2495287
"5938073674","Clinopodium chilense (Benth.) Govaerts","SPECIES",-32.882294,-71.099993,3887808
"5938073675","Molothrus bonariensis bonariensis (Gmelin, 1789)","SUBSPECIES",-32.552556,-71.462202,2484396
"5938073676","Zoniopoda tarsata (Serville, 1831)","SPECIES",-34.538547,-58.443664,1715241
"5938073702","Argiope argentata (Fabricius, 1775)","SPECIES",-38.76723,-62.386002,5170999
"5938073711","Spinus magellanicus (Vieillot, 1805)","SPECIES",-29.256234,-59.596764,7341745
"5938073715","Dendrocolaptes platyrostris Spix, 1824","SPECIES",-26.524529,-49.148271,2485785
"5938073720","Mastigodryas boddaerti (Sentzen, 1796)","SPECIES",10.696258,-61.753837,2456203
"5938074081","Asaphobelis physonychus Simon, 1902","SPECIES",-25.387062,-48.978092,2173588
"5938074150","Rhinella diptycha (Cope, 1862)","SPECIES",-9.583425,-35.798398,5216992
"5938074160","Ascalapha odorata (Linnaeus, 1758)","SPECIES",-29.158297,-49.581997,1775796
"5938074229","Acanthina monodon (Pallas, 1774)","SPECIES",-34.425445,-72.043678,5726206
"5938074276","Dolichandra cynanchoides Cham.","SPECIES",-30.338878,-51.036603,7298320
"5938074288","Actitis macularius (Linnaeus, 1766)","SPECIES",-3.34458,-39.142345,2481798
"5938075135","Dipsas mikanii Schlegel, 1837","SPECIES",-22.406697,-47.600528,11309137
"5938075156","Geranoaetus albicaudatus (Vieillot, 1816)","SPECIES",-26.524446,-49.149522,2480519
"5938075228","Saphrys rusticana (Nicolet, 1849)","SPECIES",-30.589122,-71.184906,8220913
"5938075230","Menemerus bivittatus (Dufour, 1831)","SPECIES",-23.018499,-49.860014,2169064
"5938075232","Kukulcania hibernalis (Hentz, 1842)","SPECIES",-34.743481,-58.374599,2167609
"5938075948","Carex excelsa Poepp. ex Kunth","SPECIES",-39.69337,-73.114127,2727484
"5938075999","Thisbe hyalina (Butler, 1867)","SPECIES",0.654207,-77.073809,1934501
"5938076004","Hastula cinerea (Born, 1778)","SPECIES",-23.990543,-46.241921,5193091
"5938076038","Cyanophrys Clench, 1961","GENUS",-34.414101,-58.918848,NA
"5938076319","Himantopus mexicanus (P.L.S.Müller, 1776)","SPECIES",-21.545458,-64.179052,5229128
"5938076321","Penelope obscura Temminck, 1815","SPECIES",-34.257882,-58.652297,2482212
"5938076332","Stelgidopteryx ruficollis (Vieillot, 1817)","SPECIES",-26.440135,-49.167626,2489203
"5938076346","Jacana jacana (Linnaeus, 1766)","SPECIES",-29.934946,-51.740492,2481846
"5938076420","Phleocryptes melanops (Vieillot, 1817)","SPECIES",-37.726674,-57.44536,2485989
"5938076435","Pachyramphus polychopterus (Vieillot, 1818)","SPECIES",-38.002996,-61.355063,5230363
"5938076446","Leptotes cassius (Cramer, 1775)","SPECIES",-31.538578,-61.066761,5140033
"5938076450","Dichorisandra thyrsiflora J.C.Mikan","SPECIES",-23.403935,-46.535128,2763632
"5938076473","Bombus dahlbomii Guérin-Méneville, 1835","SPECIES",-46.340665,-72.300763,1340388
"5938076475","Copernicia prunifera (Mill.) H.E.Moore","SPECIES",-6.702918,-38.959629,2738262
"5938076481","Thecadactylus solimoensis Bergmann & Russell, 2007","SPECIES",-12.933837,-69.517697,2445828
"5938076489","Plexaura homomalla (Esper, 1794)","SPECIES",12.228163,-69.081314,2261367
"5938076534","Liolaemus chiliensis (Lesson, 1830)","SPECIES",-32.927506,-71.286203,2460439
"5938076585","Sicalis flaveola (Linnaeus, 1766)","SPECIES",-7.146699,-34.835244,2491862
"5938076624","Fuchsia magellanica Lam.","SPECIES",-41.055667,-71.546378,5938224
"5938076692","Egretta thula thula (Molina, 1782)","SUBSPECIES",-32.633339,-71.424338,2480873
"5938076713","Brachycereus nesioticus (K.Schum. ex B.L.Rob.) Backeb.","SPECIES",-0.265055,-91.446725,3947511
"5938077640","Sophora tomentosa L.","SPECIES",-19.934427,-40.129617,2958970
"5938077676","Zeyheria tuberculosa (Vell.) Bureau ex Verl.","SPECIES",-16.433805,-41.605376,5668489
"5938077678","Anarhynchus Quoy & Gaimard, 1832","GENUS",-23.006078,-43.635145,NA
"5938077696","Falconina gracilis (Keyserling, 1891)","SPECIES",-21.139524,-44.985318,2149064
"5938077767","Quesada gigas (Olivier, 1790)","SPECIES",-27.254518,-55.528444,8226593
"5938077838","Mazama americana (Erxleben, 1777)","SPECIES",3.621233,-53.211402,5220123
"5938078417","Lophonetta specularioides (P.P.King, 1828)","SPECIES",-54.931901,-67.643123,2498294
"5938078484","Fageia moschata (Mello-Leitão, 1943)","SPECIES",-34.609487,-58.35669,2147857
"5938078497","Pteroglossus castanotis Gould, 1834","SPECIES",-21.85016,-50.701174,2478822
"5938078554","Strobilanthes alternata (Burm.fil.) Moylan ex J.R.I.Wood","SPECIES",-23.68388,-46.603285,8297383
"5938078558","Porlieria microphylla (Baill.) Descole, O'Donell & Lourteig","SPECIES",-31.807892,-64.947914,3987352
"5938078560","Agalinis communis (Cham. & Schltdl.) D' Arcy","SPECIES",-34.865545,-58.071317,3727441
"5938078566","Begonia cucullata Willd.","SPECIES",-27.289143,-55.491616,2874717
"5938078570","Turdus rufiventris Vieillot, 1818","SPECIES",-34.514941,-58.469897,2490718
"5938078572","Melochia pyramidata L.","SPECIES",-24.729603,-65.422592,6686326
"5938078620","Columbina cruziana (Prévost, 1842)","SPECIES",-12.069255,-77.07893,2495891
"5938078639","Ruellia ciliatiflora Hook.","SPECIES",-24.735353,-65.423805,5415406
"5938078641","Ascalapha odorata (Linnaeus, 1758)","SPECIES",-23.63986,-46.86882,1775796
"5938078651","Liolaemus pictus (Duméril & Bibron, 1837)","SPECIES",-39.38435,-71.92689,9011036
"5938078669","Amazonetta brasiliensis (J.F.Gmelin, 1789)","SPECIES",-34.413752,-58.919031,2498411
"5938078745","Parastrephia quadrangularis (Meyen) Cabrera","SPECIES",-22.973153,-65.482575,3098748
"5938078777","Turdus rufiventris Vieillot, 1818","SPECIES",-34.515101,-58.470478,2490718
"5938078778","Patagona gigas (Vieillot, 1824)","SPECIES",-2.758541,-78.75611,2476964
"5938078781","Patagioenas picazuro (Temminck, 1813)","SPECIES",-34.525415,-58.464743,2495287
"5938078810","Tityus bahiensis (Perty, 1833)","SPECIES",-22.850347,-49.238327,6893786
"5938078812","Zenaida meloda (Tschudi, 1843)","SPECIES",-12.081176,-77.083449,2495375
"5938078889","Macrocystis pyrifera (L.) C.Agardh","SPECIES",-34.425083,-72.045014,5422328
"5938078964","Copeoglossum nigropunctatum (Spix, 1825)","SPECIES",0.650703,-51.634497,8215919
"5938078983","Heliconius charithonia (Linnaeus, 1767)","SPECIES",6.270618,-75.565669,1900233
"5938078984","Zenaida auriculata (Des Murs, 1847)","SPECIES",-34.373027,-58.751614,2495358
"5938079010","Dendropsophus elegans (Wied-Neuwied, 1824)","SPECIES",-23.076917,-44.662247,2428392
"5938079035","Ortilia ithra (Kirby, 1871)","SPECIES",-26.888107,-54.542836,1902111
"5938079043","Schinus latifolia (Gillies ex Lindl.) Engl.","SPECIES",-33.414945,-70.616785,4928869
"5938079091","Todirostrum cinereum (Linnaeus, 1766)","SPECIES",-21.119761,-49.186153,2483274
"5938079199","Hypochaeris radicata L.","SPECIES",-54.837412,-68.562522,3093702
"5938079247","Cnemidophorus cryptus Cole & Dessauer, 1993","SPECIES",-20.370508,-40.339018,5227465
"5938079296","Boana cinerascens (Spix, 1824)","SPECIES",-1.401177,-78.066394,10039315
"5938079302","Gastrodermus Cope, 1878","GENUS",-3.269429,-60.411693,NA
"5938079303","Leucochrysa boxi Navás, 1930","SPECIES",-27.993832,-48.6478,2106568
"5938079315","Pompeius pompeius (Latreille, 1824)","SPECIES",-19.874459,-43.996013,1950052
"5938080175","Sicalis flaveola (Linnaeus, 1766)","SPECIES",-17.892147,-39.8185,2491862
"5938080220","Perumytilus purpuratus (Lamarck, 1819)","SPECIES",-34.433512,-72.046517,6788988
"5938080239","Ischnura fluviatilis Selys, 1876","SPECIES",-35.036649,-63.010017,1423384
"5938080246","Coccoloba uvifera (L.) L.","SPECIES",12.260696,-69.122894,2888831
"5938080327","Wittmackia viridostigma (Leme & H.Luther) Aguirre-Santoro","SPECIES",-15.388237,-39.570278,10949470
"5938080329","Patagioenas maculosa (Temminck, 1813)","SPECIES",-35.659324,-63.757789,2495335
"5938080340","Polybia sericea (Olivier, 1792)","SPECIES",-34.257513,-58.632962,5032751
"5938080367","Junonia genoveva hilaris","SUBSPECIES",-34.742576,-58.255911,5130548
"5938080385","Omophoita Chevrolat, 1836","GENUS",-25.387567,-48.977628,NA
"5938080401","Heliconia richardiana Miq.","SPECIES",4.846638,-52.651665,2760714
"5938080440","Cranioleuca erythrops (P.L.Sclater, 1860)","SPECIES",-0.086572,-78.694146,2485336
"5938080465","Lontra felina (Molina, 1782)","SPECIES",-32.511544,-71.495349,2433737
"5938080490","Euptoieta hortensia (Blanchard, 1852)","SPECIES",-30.926717,-64.351997,1894349
"5938081144","Begonia fischeri Schrank","SPECIES",-22.68491,-45.478095,7303483
"5938081150","Myrcia bergiana O.Berg","SPECIES",-5.414168,-35.220197,3175281
"5938081192","Rhodocalyx rotundifolius Müll.Arg.","SPECIES",-13.635176,-47.696051,5536592
"5938081197","Antidrymaeus Germain, 1907","GENUS",-22.895155,-49.245575,NA
"5938081202","Daptrius Vieillot, 1816","GENUS",-33.645286,-70.548125,NA
"5938081326","Eucallista purpurata (Lamarck, 1818)","SPECIES",-20.268075,-40.263004,10008296
"5938081329","Guira guira (Gmelin, 1788)","SPECIES",-27.703217,-48.502401,2496462
"5938082653","Paratemnoides nidificator (Balzan, 1888)","SPECIES",-9.904312,-56.097966,2126347
"5938082659","Hirundinea ferruginea (Gmelin, 1788)","SPECIES",-31.649055,-63.303204,2483242
"5938082704","Sicalis flaveola (Linnaeus, 1766)","SPECIES",-23.899267,-46.381632,2491862
"5938082710","Philodendron simonianum Sakur.","SPECIES",-23.721264,-45.600663,2870996
"5938082715","Toxomerus politus (Say, 1823)","SPECIES",-24.841049,-51.297239,1534097
"5938082841","Cathartes burrovianus Cassin, 1845","SPECIES",-18.80027,-41.896194,2481928
"5938082855","Lucilia sericata (Meigen, 1826)","SPECIES",-26.830774,-65.195285,5063973
"5938082900","Iheringichthys labrosus (Lütken, 1874)","SPECIES",-32.941435,-60.632975,2338725
"5938082924","Heliodoxa rubinoides (Bourcier & Mulsant, 1846)","SPECIES",5.043752,-75.445926,2476931
"5938082951","Sayornis nigricans (Swainson, 1827)","SPECIES",4.133637,-73.641051,2483612
"5938082982","Pfaffia glomerata (Spreng.) Pedersen","SPECIES",-27.335784,-55.866146,7323527
"5938082987","Eurema deva (Doubleday, 1847)","SPECIES",-34.870195,-58.076822,5137859
"5938082991","Dione vanillae maculosa Stichel, 1907","SUBSPECIES",-29.63199,-53.612578,11701883
"5938082997","Rutela lineola (Linnaeus, 1758)","SPECIES",-29.013974,-49.444718,5987024
"5938083043","Vanellus chilensis (Molina, 1782)","SPECIES",-35.472392,-58.799425,5229146
"5938083347","Trimerotropis pallidipennis (Burmeister, 1838)","SPECIES",-37.378759,-64.603616,1709239
"5938083360","Scolopocryptops Newport, 1844","GENUS",10.719642,-61.295497,NA
"5938083388","Cyclarhis gujanensis (Gmelin, 1789)","SPECIES",-26.524446,-49.149522,2487404
"5938083411","Sapindus saponaria L.","SPECIES",-25.299937,-57.596045,8017915
"5938083419","Otaria flavescens (Shaw, 1800)","SPECIES",-36.546292,-56.688422,5218774
"5938083423","Burnsius orcynoides","SPECIES",-29.714013,-53.738545,11729494
"5938083434","Cantorchilus longirostris (Vieillot, 1819)","SPECIES",-22.995597,-43.374498,7341035
"5938083466","Rhaphithamnus spinosus (Juss.) Moldenke","SPECIES",-40.439719,-73.281143,7297506
"5938083467","Icterus icterus (Linnaeus, 1766)","SPECIES",12.500513,-70.028922,5229915
"5938083531","Blechnum chilense (Kaulf.) Mett.","SPECIES",-39.693374,-73.118548,9360500
"5938083550","Parvospila emylius (Cramer, 1775)","SPECIES",4.827074,-52.48414,1936565
"5938083568","Philodendron eximium Schott","SPECIES",-23.754492,-45.801803,2871217
"5938083571","Passer domesticus (Linnaeus, 1758)","SPECIES",-23.24835,-45.893651,5231190
"5938083572","Chiton granosus Frembly, 1827","SPECIES",-39.718628,-73.405004,2306133
"5938083573","Couroupita guianensis Aubl.","SPECIES",-21.775469,-48.173627,3082562
"5938083597","Vernonanthura nudiflora (Less.) H.Rob.","SPECIES",-31.725058,-64.99678,3110446
"5938083610","Jacaranda puberula Cham.","SPECIES",-16.933578,-39.151581,7298610
"5938083621","Mycteria americana Linnaeus, 1758","SPECIES",-34.410305,-58.918905,2481937
"5938083624","Lophonetta specularioides (P.P.King, 1828)","SPECIES",-54.931901,-67.643123,2498294
"5938084106","Periplacis hebrus (Cramer, 1775)","SPECIES",-9.865383,-63.033849,11861330
"5938084219","Philodendron simonianum Sakur.","SPECIES",-23.674065,-45.721175,2870996
"5938084270","Geum coccineum Sibth. & Sm.","SPECIES",-33.417377,-70.601018,5369695
"5938084284","Solanum sisymbriifolium Lam.","SPECIES",-27.271822,-55.924242,2932184
"5938084290","Leptotes cassius (Cramer, 1775)","SPECIES",-23.410775,-47.353263,5140033
"5938084303","Paroaria dominicana (Linnaeus, 1758)","SPECIES",-20.564848,-48.575637,2492086
"5938084383","Anachis veleda (Duclos, 1846)","SPECIES",-13.014893,-38.468558,6505781
"5938084395","Chroicocephalus cirrocephalus (Vieillot, 1818)","SPECIES",-2.479903,-44.234417,6065820
"5938084400","Aegorhinus phaleratus Erichson, 1834","SPECIES",-33.357703,-71.657167,1228070
"5938084426","Agaricia agaricites (Linnaeus, 1758)","SPECIES",12.228163,-69.081314,2260503
"5938084437","Trimerotropis pallidipennis (Burmeister, 1838)","SPECIES",-39.743044,-71.52858,1709239
"5938084511","Diabrotica limitata","SPECIES",-25.3871,-48.978488,9034704
"5938084522","Lissachatina fulica (Bowdich, 1822)","SPECIES",-15.645729,-47.796624,8790531
"5938084524","Hyperaspis festiva Mulsant, 1850","SPECIES",-33.132516,-59.332893,7851475
"5938085216","Myiothlypis fulvicauda (von Spix, 1825)","SPECIES",-0.164536,-78.738592,7341658
"5938085218","Cleome titubans Speg.","SPECIES",-37.936896,-57.737447,9651919
"5938085223","Dicliptera squarrosa Nees","SPECIES",-34.493166,-58.479063,7264147
"5938085497","Muntingia calabura L.","SPECIES",-21.774265,-48.17424,3152036
"5938085516","Hastula cinerea (Born, 1778)","SPECIES",-8.191077,-34.918514,5193091
"5938085560","Tetragonoderus pictus (Perty, 1830)","SPECIES",-36.54144,-56.688051,7716478
"5938085659","Achryson surinamum (Linnaeus, 1767)","SPECIES",-23.006681,-44.296725,1118163
"5938085710","Liolaemus nitidus (Wiegmann, 1834)","SPECIES",-33.389831,-71.609683,2460434
"5938085742","Kukulcania hibernalis (Hentz, 1842)","SPECIES",-31.365747,-61.067557,2167609
"5938085940","Picumnus exilis pernambucensis J.T.Zimmer, 1947","SUBSPECIES",-9.531774,-35.849388,5228733
"5938085947","Cypella herbertii (Lindl.) Herb.","SPECIES",-31.369323,-61.024912,2745881
"5938085955","Haematopus ater Vieillot, 1825","SPECIES",-30.193992,-71.431121,2480262
"5938085958","Beriotisia fuegensis Hampson, 1907","SPECIES",-42.486865,-73.863649,1781614
"5938085994","Polybetes rapidus (Keyserling, 1880)","SPECIES",-34.870428,-58.080573,2161949
"5938085998","Naupactus xanthographus (Germar, 1823)","SPECIES",-34.60833,-58.357533,1210797
"5938086046","Diaethria candrena (Godart, 1823)","SPECIES",-27.45706,-55.564708,1909039
"5938086053","Erythrolamprus poecilogyrus poecilogyrus (Wied-Neuwied, 1825)","SUBSPECIES",-22.826874,-44.191111,7878891
"5938086059","Paroaria coronata (J.F.Miller, 1776)","SPECIES",-34.516768,-58.469418,2492081
"5938086104","Chromolaena arnottiana (Griseb.) R.M.King & H.Rob.","SPECIES",-31.806939,-64.942925,3142902
"5938086151","Pluvialis dominica (P.L.S.Müller, 1776)","SPECIES",-22.985395,-43.686838,2480328
"5938086165","Xyleus discoideus (Serville, 1831)","SPECIES",-27.346542,-53.398428,1714367
"5938086173","Molothrus bonariensis (Gmelin, 1789)","SPECIES",-31.543567,-61.072169,2484396
"5938086184","Cteisella confusa (Boheman, 1855)","SPECIES",-25.432605,-54.477446,6274165
"5938086195","Valeriana rigida Ruiz & Pav.","SPECIES",-0.63113,-78.69011,4094868
"5938086226","Alchornea triplinervia (Spreng.) Müll.Arg.","SPECIES",-29.047142,-51.912045,3055511
"5938086300","Platypodiella spectabilis (Herbst, 1794)","SPECIES",-13.015395,-38.467983,2227747
"5938086525","Kalanchoe laetivirens Desc.","SPECIES",-23.363236,-46.026317,4199637
"5938087030","Bombus terrestris (Linnaeus, 1758)","SPECIES",-53.146819,-70.917205,1340503
"5938087074","Trichothraupis melanops (Vieillot, 1818)","SPECIES",-26.505456,-49.127467,2488778
"5938087184","Acer pseudoplatanus L.","SPECIES",-39.693072,-73.114465,3189870
"5938087310","Schinus longifolia (Lindl.) Speg.","SPECIES",-34.551075,-55.775889,7412160
"5938087531","Ardea alba Linnaeus, 1758","SPECIES",-27.207063,-55.883077,9752617
"5938087544","Gentianella hirculus (Griseb.) Fabris","SPECIES",-2.620073,-79.250137,3842053
"5938087545","Apis mellifera Linnaeus, 1758","SPECIES",-32.875601,-60.947944,1341976
"5938087546","Stenocereus griseus (Haw.) Buxb.","SPECIES",12.530452,-69.99639,7284733
"5938087566","Burnsius orcus (Stoll, 1780)","SPECIES",-23.40968,-47.35743,5142436
"5938087568","Burnsius orcus (Stoll, 1780)","SPECIES",-23.40968,-47.35743,5142436
"5938087619","Vanellus chilensis (Molina, 1782)","SPECIES",-29.013895,-49.444802,5229146
"5938087635","Plinia cauliflora (DC.) Kausel","SPECIES",-23.567402,-46.737466,5415571
"5938087650","Dacnis cayana (Linnaeus, 1766)","SPECIES",-22.692269,-43.913485,2488352
"5938087946","Nothofagus pumilio (Poepp. & Endl.) Krasser","SPECIES",-39.381935,-71.926086,2874907
"5938087966","Colaptes melanochloros (J.F.Gmelin, 1788)","SPECIES",-33.219715,-66.23086,2478272
"5938088000","Tachycineta leucorrhoa (Vieillot, 1817)","SPECIES",-34.486103,-58.480331,5230761
"5938088027","Schistocerca cancellata (Serville, 1838)","SPECIES",-11.395502,-39.466495,1707335
"5938088032","Pitangus sulphuratus (Linnaeus, 1766)","SPECIES",4.13382,-73.640828,2482755
"5938088034","Tyrannus savana Vieillot, 1808","SPECIES",-26.99328,-54.480178,5229693
"5938089035","Tringa melanoleuca (J.F.Gmelin, 1789)","SPECIES",-22.985261,-43.685318,2481720
"5938089086","Gleditsia triacanthos L.","SPECIES",-33.440483,-70.643395,2959443
"5938089124","Lutjanus apodus (Walbaum, 1792)","SPECIES",12.514788,-70.036813,2384922
"5938089164","Sula nebouxii Milne-Edwards, 1882","SPECIES",-5.206803,-81.208083,2480978
"5938089174","Azurina intercrusma (Evermann & Radcliffe, 1917)","SPECIES",-5.211375,-81.194533,5212251
"5938089226","Empidonomus varius (Vieillot, 1818)","SPECIES",-15.782001,-47.928427,2484090
"5938089272","Scinax granulatus (Peters, 1871)","SPECIES",-34.47605,-58.536625,5217937
"5938089304","Caiman latirostris (Daudin, 1801)","SPECIES",-22.998397,-43.312544,5846511
"5938089374","Stichaster striatus Müller & Troschel, 1840","SPECIES",-30.193992,-71.431121,2274388
"5938089404","Certhiaxis cinnamomeus (Gmelin, 1788)","SPECIES",-26.824529,-49.28273,2486060
"5938089415","Larus dominicanus M.H.K.Lichtenstein, 1823","SPECIES",-23.969991,-46.341395,2481173
"5938089616","Rhizophora mangle L.","SPECIES",12.078167,-68.868055,3086528
"5938092316","Solanum viarum Dunal","SPECIES",-27.290986,-55.490716,2931914
"5938092321","Cyphonia clavata Fabricius","SPECIES",4.596156,-72.93568,5154200
"5938092329","Dione vanillae (Linnaeus, 1758)","SPECIES",-34.125634,-59.428242,11701883
"5938092396","Bothrops atrox (Linnaeus, 1758)","SPECIES",4.88653,-52.258602,5220775
"5938092397","Nycticorax nycticorax (Linnaeus, 1758)","SPECIES",-27.608405,-48.441917,2480863
"5938092413","Agelaioides badius (Vieillot, 1819)","SPECIES",-34.373027,-58.751614,2484481
"5938092418","Quillaja saponaria Molina","SPECIES",-34.803505,-70.749153,3029379
"5938092518","Cynara cardunculus L.","SPECIES",-33.6431,-70.548386,3112364
"5938092547","Leucocarbo atriceps (King, 1828)","SPECIES",-54.872753,-68.093658,4848927
"5938092575","Nassauvia axillaris D.Don","SPECIES",-33.01496,-69.309409,3099086
"5938092597","Hypselonotus interruptus Hahn, 1833","SPECIES",-25.387645,-48.977622,5156094
"5938092639","Rhinella marina (Linnaeus, 1758)","SPECIES",-12.519037,-68.980147,5216933
"5938092715","Trichonephila clavipes (Linnaeus, 1767)","SPECIES",-29.63284,-53.611851,10886629
"5938092756","Myiopsitta monachus (Boddaert, 1783)","SPECIES",-34.659301,-58.566498,2479407
"5938092839","Chlorostilbon lucidus (Shaw, 1812)","SPECIES",-35.659324,-63.757789,5788555
"5938092882","Camponotus rufipes (Fabricius, 1775)","SPECIES",-29.013889,-49.444662,5033815
"5938092965","Arbacia dufresnii (Blainville, 1825)","SPECIES",-42.837445,-72.825012,4341334
"5938093014","Philodendron quinquenervium Miq.","SPECIES",-19.924814,-40.15105,2871133
"5938093026","Chloephaga picta (J.F.Gmelin, 1789)","SPECIES",-54.805684,-68.574999,5232428
"5938093034","Echinolittorina peruviana (Lamarck, 1822)","SPECIES",-34.425542,-72.043878,5856854
"5938093061","Latrodectus geometricus C.L.Koch, 1841","SPECIES",-21.495259,-46.651827,2157944
"5938093062","Boana pulchella (Duméril & Bibron, 1841)","SPECIES",-34.855093,-58.415881,10710561
"5938093106","Steatoda triangulosa (Walckenaer, 1802)","SPECIES",-36.858432,-73.006997,2157242
"5938093111","Dendropsophus parviceps (Boulenger, 1882)","SPECIES",-1.401001,-78.066795,2428495
"5938093162","Apoica gelida Vecht, 1972","SPECIES",-21.078181,-41.508952,1310490
"5938093179","Sapajus apella (Linnaeus, 1758)","SPECIES",5.286555,-52.592804,7477334
"5938093250","Chromacris speciosa (Thunberg, 1824)","SPECIES",-24.801132,-65.404348,1714451
"5938093268","Ardea alba Linnaeus, 1758","SPECIES",-34.602258,-58.360718,9752617
"5938093283","Sphex latreillei Lepeletier de Saint Fargeau, 1831","SPECIES",-30.280776,-71.504703,1347672
"5938093285","Hemidactylus mabouia (Moreau De Jonnès, 1818)","SPECIES",-22.975272,-43.228358,5959942
"5938093300","Vanessa carye (Hübner, 1812)","SPECIES",-37.378759,-64.603616,9396180
"5938093474","Patagioenas picazuro (Temminck, 1813)","SPECIES",-34.58752,-58.392308,2495287
"5938093480","Ardea ibis Linnaeus, 1758","SPECIES",-29.723877,-53.724713,2480830
"5938093490","Traumatomutilla inermis (Klug, 1821)","SPECIES",-23.33511,-46.620153,9241489
"5938093514","Sphenoclypeana parana (Distant, 1909)","SPECIES",-29.853933,-50.299389,2018818
"5938093568","Zonotrichia capensis (P.L.S.Müller, 1776)","SPECIES",-22.883146,-46.310685,5231103
"5938093627","Berberis serratodentata Lechl.","SPECIES",-39.143636,-71.713225,8295623
"5938093733","Oxyrhopus guibei Hoge & Romano, 1977","SPECIES",-16.296493,-48.97826,2454986
"5938093802","Rhea americana (Linnaeus, 1758)","SPECIES",-41.199342,-63.035297,2495165
"5938093829","Daptrius Vieillot, 1816","GENUS",-34.253759,-62.640569,NA
"5938093878","Salix alba L.","SPECIES",-34.810809,-57.976714,5372513
"5938093955","Ictinia mississippiensis (A.Wilson, 1811)","SPECIES",-25.611671,-56.883432,2480719
"5938094104","Lessonia spicata (Suhr) Santelices, 2012","SPECIES",-34.425413,-72.044119,8081710
"5938094114","Nothofagus pumilio (Poepp. & Endl.) Krasser","SPECIES",-54.844112,-68.574325,2874907
"5938094160","Sphagneticola trilobata (L.) Pruski","SPECIES",-20.365195,-40.340253,3116842
"5938094169","Vanellus chilensis (Molina, 1782)","SPECIES",-22.815775,-47.230797,5229146
"5938094176","Grammadera clara Brunner von Wattenwyl, 1878","SPECIES",-33.738703,-61.961856,1687579
"5938094190","Aegorhinus W.F.Erichson, 1834","GENUS",-38.631588,-72.211212,NA
"5938094200","Galbula ruficauda Cuvier, 1816","SPECIES",10.232468,-66.303529,5228236
"5938094290","Commelina erecta L.","SPECIES",-23.017786,-47.52895,2764389
"5938095016","Bradybaena similaris (A.Férussac, 1822)","SPECIES",-25.615922,-54.485763,2297154
"5938096173","Cydosia nobilitella Cramer, 1779","SPECIES",10.589897,-61.295209,1782424
"5938096220","Columbina talpacoti (Temminck, 1810)","SPECIES",-26.512479,-49.117953,2495858
"5938096372","Membracis foliatafasciata (De Geer, 1773)","SPECIES",-3.063774,-59.904877,10681287
"5938096380","Strymon albata (C.Felder & R.Felder, 1865)","SPECIES",10.687131,-61.757587,4300384
"5938096393","Origanum vulgare L.","SPECIES",-33.417078,-70.601563,2926612
"5938098121","Spheniscus magellanicus (J.R.Forster, 1781)","SPECIES",-54.905663,-67.375013,5229385
"5938098145","Passiflora trintae Sacco","SPECIES",-16.700546,-40.819747,3587072
"5938098679","Chrysaora plocamia (Lesson, 1830)","SPECIES",-33.982239,-71.883918,5185417
"5938098723","Delonix regia (Bojer ex Hook.) Raf.","SPECIES",-4.166913,-38.123311,2956176
"5938098788","Egretta thula (Molina, 1782)","SPECIES",11.25823,-73.775863,2480873
"5938098795","Zephyranthes advena (Ker Gawl.) Nic.García","SPECIES",-32.356226,-71.439886,11109347
"5938098797","Qualea grandiflora Mart.","SPECIES",-13.635176,-47.696051,4030658
"5938099135","Richardia grandiflora (Cham. & Schltdl.) Steud.","SPECIES",-3.941652,-38.282445,5337460
"5938099280","Pontederia crassipes Mart.","SPECIES",-21.138545,-44.98569,2765942
"5938099287","Lophonetta specularioides (P.P.King, 1828)","SPECIES",-54.807599,-68.310077,2498294
"5938099485","Lobelia tupa L.","SPECIES",-36.774582,-73.212078,5408516
"5938099486","Pheugopedius genibarbis (Swainson, 1838)","SPECIES",-22.99496,-43.374714,7341176
"5938099496","Croton urucurana Baill.","SPECIES",-31.508681,-60.609,3057491
"5938099584","Furnarius rufus (Gmelin, 1788)","SPECIES",-25.328,-57.544,2485821
"5938099605","Cyathus striatus Willd.","SPECIES",-23.057431,-46.641197,5243151
"5938100003","Caiman yacare (Daudin, 1801)","SPECIES",-16.421102,-56.670216,5220210
"5938100221","Leptogoniulus sorornus (Butler, 1876)","SPECIES",-8.043291,-34.900955,1026917
"5938100222","Oreotrochilus chimborazo (Delattre & Bourcier, 1846)","SPECIES",-2.783208,-79.220796,2476681
"5938100266","Coragyps atratus (Bechstein, 1793)","SPECIES",5.086087,-75.528093,2481942
"5938100270","Acalypha communis Müll.Arg.","SPECIES",-27.299793,-55.583844,3056784
"5938100300","Hoplocrates Mickel, 1937","GENUS",-23.84598,-46.965063,NA
"5938100339","Sicalis flaveola (Linnaeus, 1766)","SPECIES",4.497228,-75.677138,2491862
"5938100349","Schizophyllum commune Fr.","SPECIES",-23.057431,-46.641197,5241128
"5938100369","Enicognathus ferrugineus (Statius Muller, 1776)","SPECIES",-49.33162,-72.96045,5229094
"5938100626","Loxechinus albus (Molina, 1782)","SPECIES",-42.837322,-72.825103,4341595
"5938100720","Titanattus andinus (Simon, 1900)","SPECIES",-29.853331,-50.299491,9632924
"5938100736","Chaetogastra ciliaris (Vent.) DC.","SPECIES",4.319097,-74.366511,3870686
"5938100810","Steatoda triangulosa (Walckenaer, 1802)","SPECIES",-27.160867,-54.801604,2157242
"5938100816","Delonix regia (Bojer ex Hook.) Raf.","SPECIES",-23.97165,-46.381147,2956176
"5938100829","Fissurella longifissa G.B.Sowerby II, 1862","SPECIES",-5.206767,-81.207938,8274212
"5938100886","Blechnum chilense (Kaulf.) Mett.","SPECIES",-45.486822,-72.271991,9360500
"5938101130","Pycnoscelus surinamensis (Linnaeus, 1758)","SPECIES",-25.787787,-53.644747,1994767
"5938101191","Ardea alba Linnaeus, 1758","SPECIES",-23.979901,-46.304216,9752617
"5938101199","Brosimum gaudichaudii Trécul","SPECIES",-18.874217,-44.759461,7262433
"5938101204","Atta sexdens (Linnaeus, 1758)","SPECIES",-20.220354,-40.203148,5035751
"5938101237","Greigia sphacelata (Ruiz & Pav.) Regel","SPECIES",-36.755586,-72.958923,2693922
"5938101255","Thygater analis (Lepeletier, 1841)","SPECIES",-34.470556,-58.494411,1344790
"5938101264","Concholepas concholepas (Bruguière, 1789)","SPECIES",-34.425122,-72.04473,5725856
"5938101277","Trifolium pratense L.","SPECIES",-39.339705,-72.092475,8324121
"5938101296","Zonotrichia capensis (P.L.S.Müller, 1776)","SPECIES",-30.341083,-51.037717,5231103
"5938101304","Riodina lysippoides Berg, 1882","SPECIES",-25.041958,-65.495957,1935346
"5938101352","Haematopus leucopodus Garnot, 1826","SPECIES",-51.732799,-72.512927,2480265
"5938101355","Colaptes pitius (Molina, 1782)","SPECIES",-33.633256,-70.533689,2478271
"5938101444","Nesticodes rufipes (Lucas, 1846)","SPECIES",-27.051026,-55.566106,2157984
"5938101465","Paubrasilia echinata (Lam.) Gagnon, H.C.Lima & G.P.Lewis","SPECIES",-23.460571,-50.09058,9119360
"5938101573","Cylindrophora","GENUS",-37.288622,-72.905267,NA
"5938101579","Sphenorhina rubra (Linnaeus, 1758)","SPECIES",-25.387128,-48.977888,5153996
"5938101669","Troglodytes musculus J.F.Naumann, 1823","SPECIES",-35.794351,-70.134003,8346347
"5938101681","Orthogonys chloricterus (Vieillot, 1819)","SPECIES",-26.524529,-49.148271,2488373
"5938101691","Zoniopoda tarsata (Serville, 1831)","SPECIES",-26.997102,-54.487305,1715241
"5938101696","Bradypus variegatus Schinz, 1825","SPECIES",10.354285,-75.429925,2436353
"5938101707","Armadillidium vulgare (Latreille, 1804)","SPECIES",-31.542681,-61.075311,2203611
"5938101817","Omophoita Chevrolat, 1836","GENUS",-29.480097,-50.675345,NA
"5938101823","Thraupis palmarum (Wied-Neuwied, 1821)","SPECIES",5.402758,-75.482298,9436876
"5938101825","Nematopus indus (Linnaeus, 1758)","SPECIES",5.195757,-52.910325,7610561
"5938101855","Theristicus caudatus (Boddaert, 1783)","SPECIES",-24.792526,-49.98496,2480790
"5938101881","Zonotrichia capensis (P.L.S.Müller, 1776)","SPECIES",-34.373027,-58.751614,5231103
"5938102376","Guira guira (Gmelin, 1788)","SPECIES",-31.800072,-65.02655,2496462
"5938102386","Philodendron simonianum Sakur.","SPECIES",-23.75402,-45.801063,2870996
"5938102426","Sphenorhina rubra (Linnaeus, 1758)","SPECIES",-25.387328,-48.978745,5153996
"5938102444","Alagoasa trifasciata (Fabricius, 1801)","SPECIES",8.519619,-71.387959,9261144
"5938102469","Ciconia maguari (Gmelin, 1789)","SPECIES",-38.295063,-59.848173,2481910
"5938102542","Ocypode quadrata (Fabricius, 1787)","SPECIES",-26.066489,-48.610231,2221529
"5938102546","Argiope argentata (Fabricius, 1775)","SPECIES",-17.397513,-66.162209,5170999
"5938102713","Tarentola mauritanica (Linnaeus, 1758)","SPECIES",-38.74353,-62.272797,2445034
"5938102759","Baccharis trimera (Less.) DC.","SPECIES",-28.046603,-49.519131,3129265
"5938102810","Argiope argentata (Fabricius, 1775)","SPECIES",-39.023587,-67.546362,5170999
"5938102885","Kerodon rupestris (Wied-Neuwied, 1820)","SPECIES",-4.731725,-40.863078,2437616
"5938102948","Misumenoides athleticus (Mello-Leitão, 1944)","SPECIES",-38.0717,-62.091148,7974378
"5938103055","Xanthopastis timais Cramer, 1782","SPECIES",10.717808,-61.298408,1777727
"5938103076","Egretta thula (Molina, 1782)","SPECIES",-34.492948,-58.479656,2480873
"5938103154","Grammostola inermis Mello-Leitão, 1941","SPECIES",-32.777591,-68.586257,2153722
"5938103219","Manduca contracta Butler, 1875","SPECIES",-33.915877,-58.934462,1864073
"5938103238","Theristicus caudatus (Boddaert, 1783)","SPECIES",-22.32487,-44.528254,2480790
"5938103318","Progne tapera (Linnaeus, 1766)","SPECIES",-31.72195,-64.999572,2489136
"5938103327","Echinometra lucunter (Linnaeus, 1758)","SPECIES",-8.092512,-34.880482,2278861
"5938104717","Sicalis flaveola (Linnaeus, 1766)","SPECIES",-27.382395,-55.910966,2491862
"5938105079","Sicalis flaveola (Linnaeus, 1766)","SPECIES",-26.524446,-49.149522,2491862
"5938105086","Bauhinia forficata Link","SPECIES",-27.597363,-52.343403,2953861
"5938105201","Ectatomma tuberculatum (Olivier, 1792)","SPECIES",-0.497277,-76.37377,1314150
"5938105878","Palythoa caribaeorum Duchassaing & Michelotti, 1860","SPECIES",12.367809,-69.153755,5841759
"5938105886","Zonotrichia capensis (P.L.S.Müller, 1776)","SPECIES",4.6049,-74.055564,5231103
"5938105937","Platyomus piscatorius (Germar, 1823)","SPECIES",-19.867687,-43.7725,7884704
"5938106375","Rhinella ornata (Spix, 1824)","SPECIES",-27.56141,-48.494927,5216887
"5938106466","Justicia brasiliana Roth","SPECIES",-30.338842,-51.036761,3771127
"5938106480","Argia joergenseni Ris, 1913","SPECIES",-27.859192,-65.767537,5051382
"5938106481","Chlorostilbon lucidus (Shaw, 1812)","SPECIES",-34.519947,-58.468887,5788555
"5938106813","Haematopus palliatus Temminck, 1820","SPECIES",-30.19802,-71.422057,2480273
"5938106823","Passer domesticus (Linnaeus, 1758)","SPECIES",-41.152198,-63.12784,5231190
"5938106873","Scytodes univittata Simon, 1882","SPECIES",-30.033833,-51.145924,5169057
"5938106882","Lentinus crinitus (L.) Fr.","SPECIES",6.313053,-75.018433,2545315
"5938106885","Nycticorax nycticorax (Linnaeus, 1758)","SPECIES",-22.986162,-43.188583,2480863
"5938106891","Lobelia hederacea Cham.","SPECIES",-34.812477,-57.976191,5408057
"5938106925","Trichonephila clavipes (Linnaeus, 1767)","SPECIES",-22.955963,-43.487587,10886629
"5938107339","Echium plantagineum L.","SPECIES",-34.539466,-58.44165,2925895
"5938107343","Cissopis leverianus (J.F.Gmelin, 1788)","SPECIES",-0.137339,-77.442354,2488854
"5938107345","Euphorbia prostrata Aiton","SPECIES",-23.63986,-46.86882,3067891
"5938107444","Parabuteo unicinctus (Temminck, 1824)","SPECIES",-0.268922,-78.471888,2480410
"5938107593","Scelorchilus rubecula rubecula (Kittlitz, 1830)","SUBSPECIES",-45.489786,-72.265058,2490973
"5938107643","Icterus jamacaii (Gmelin, 1788)","SPECIES",-18.80027,-41.896194,5229915
"5938107720","Kukulcania hibernalis (Hentz, 1842)","SPECIES",-28.270327,-53.498815,2167609
"5938107782","Tachycineta leucorrhoa (Vieillot, 1817)","SPECIES",-34.519947,-58.468887,5230761
"5938107844","Hymenia perspectalis (Hübner, 1796)","SPECIES",-19.934867,-40.599812,1886374
"5938107851","Aluterus scriptus (Osbeck, 1765)","SPECIES",12.517256,-70.037081,2406721
"5938107869","Xenophanes tryxus (Stoll, 1780)","SPECIES",-29.611723,-53.69346,5141662
"5938107882","Carduus acanthoides L.","SPECIES",-34.865577,-58.071033,3114643
"5938107886","Rauenia bonariensis (J.F.Gmelin, 1789)","SPECIES",-37.378759,-64.603616,11345373
"5938108860","Cenchrus spinifex Cav.","SPECIES",-37.378759,-64.603616,5289726
"5938108869","Nephilingis cruentata (Fabricius, 1775)","SPECIES",-18.884714,-41.015385,8264893
"5938108917","Automeris illustris Walker, 1855","SPECIES",-26.883406,-49.082568,1866162
"5938108934","Uca maracoani (Latreille, 1803)","SPECIES",-22.985633,-43.685879,2221550
"5938108961","Naupactus auricinctus Boheman, 1833","SPECIES",-24.692881,-65.402828,1210763
"5938109044","Icterus jamacaii (Gmelin, 1788)","SPECIES",-27.671099,-48.477762,5229915
"5938109052","Eriosyce Phil.","GENUS",-33.073495,-71.019119,NA
"5938109059","Cryptocarya alba (Molina) Looser","SPECIES",-33.043972,-71.007842,4178741
"5938109132","Epiphragma imitans Alexander, 1913","SPECIES",-25.387308,-48.978803,1515403
"5938109138","Passer domesticus (Linnaeus, 1758)","SPECIES",-15.588239,-56.090516,5231190
"5938109157","Gunnera magnifica H.St.John","SPECIES",4.96928,-75.37587,3723680
"5938109170","Athene cunicularia (Molina, 1782)","SPECIES",-25.07895,-50.983222,2497240
"5938109197","Spizaetus ornatus (Daudin, 1800)","SPECIES",5.655246,-75.980466,2480679
"5938109291","Gasteracantha cancriformis (Linnaeus, 1758)","SPECIES",11.143828,-74.116036,2158546
"5938109403","Leucozonia ocellata (Gmelin, 1791)","SPECIES",-20.333822,-40.273276,2303995
"5938109424","Porphyriops melanops (Vieillot, 1819)","SPECIES",-39.162516,-67.10451,5228216
"5938109425","Hoplosternum littorale (Hancock, 1828)","SPECIES",4.402036,-72.735096,2342499
"5938109443","Nephilingis cruentata (Fabricius, 1775)","SPECIES",-23.169747,-45.885437,8264893
"5938109485","Parawixia chubut Levi, 2001","SPECIES",-35.702787,-71.063636,2159140
"5938109574","Psiloptera hoffmanni (Laporte & Gory, 1836)","SPECIES",-15.617253,-42.739853,9466021
"5938109607","Chlosyne lacinia (Geyer, 1837)","SPECIES",-24.688762,-65.396737,1914465
"5938109622","Aechmea nudicaulis (L.) Griseb.","SPECIES",-23.753913,-45.769905,2698486
"5938109648","Zingiber spectabile Griff.","SPECIES",5.06512,-75.591658,2757200
"5938109683","Picumnus cirratus Temminck, 1825","SPECIES",-18.80027,-41.896194,9587550
"5938109706","Columbina talpacoti (Temminck, 1810)","SPECIES",-26.825046,-49.280805,2495858
"5938109720","Anthothoe chilensis (Lesson, 1830)","SPECIES",-33.459649,-71.66255,2257738
"5938109721","Aramus guarauna (Linnaeus, 1766)","SPECIES",-34.612938,-58.35483,2474337
"5938109752","Stelgidopteryx ruficollis (Vieillot, 1817)","SPECIES",-27.888404,-52.225841,2489203
"5938109801","Hylocharis chrysura (Shaw, 1812)","SPECIES",-34.612398,-58.351382,5228562
"5938109803","Burnsius orcus (Stoll, 1780)","SPECIES",-31.536625,-61.063094,5142436
"5938109885","Columbina picui (Temminck, 1813)","SPECIES",-37.936896,-57.737447,2495865
"5938109917","Eriosyce subgibbosa (Haw.) Katt.","SPECIES",-34.425812,-72.044053,7280108
"5938109929","Physalia physalis (Linnaeus, 1758)","SPECIES",-6.469033,-34.97016,2264734
"5938109937","Sarmienta scandens (Brandis) Pers.","SPECIES",-40.995992,-72.915117,3819432
"5938109951","Guira guira (Gmelin, 1788)","SPECIES",-34.39649,-58.899849,2496462
"5938109961","Heliaster helianthus (Lamarck, 1816)","SPECIES",-34.425147,-72.044692,5187692
"5938109971","Eschscholzia californica Cham.","SPECIES",-32.580508,-71.455863,2888380
"5938109972","Taeniotes amazonum Thomson, 1857","SPECIES",-22.553071,-43.061856,1110587
"5938110091","Melanis smithiae (Westwood, 1851)","SPECIES",-29.150645,-51.195173,9622955
"5938110109","Commelina tuberosa L.","SPECIES",-31.708505,-64.899783,2763962
"5938110135","Tyrannus savana Vieillot, 1808","SPECIES",-19.871345,-43.996546,5229693
"5938110148","Gymnophthalmus leucomystax Vanzolini & Carvalho, 1991","SPECIES",3.687409,-73.700868,2450905
"5938110183","Rhionaeschna absoluta (Calvert, 1952)","SPECIES",-41.127521,-71.359758,1424959
"5938110313","Robsonella fontaniana (d'Orbigny, 1835)","SPECIES",-32.239573,-71.514744,2289503
"5938110350","Passer domesticus (Linnaeus, 1758)","SPECIES",-34.489437,-58.480025,5231190
"5938110360","Zenaida meloda (Tschudi, 1843)","SPECIES",-29.985031,-71.341127,2495375
"5938110363","Callithrix jacchus penicillata (Hershkovitz, 1977)","SUBSPECIES",-22.869811,-43.048801,5219541
"5938110368","Zonotrichia capensis (P.L.S.Müller, 1776)","SPECIES",-34.515037,-58.470703,5231103
"5938110406","Trichonephila clavipes (Linnaeus, 1767)","SPECIES",-29.653667,-53.773928,10886629
"5938110494","Agrobacterium radiobacter (Beijerinck & van Delden, 1902) Conn, 1942","SPECIES",-33.440847,-70.662573,3220735
"5938110506","Trogon surrucura Vieillot, 1817","SPECIES",-27.114707,-51.599685,2496634
"5938110534","Agelaioides badius (Vieillot, 1819)","SPECIES",-35.460178,-58.787172,2484481
"5938110564","Progne chalybea (Gmelin, 1789)","SPECIES",-31.676261,-60.753575,2489133
"5938110567","Megalamphodus eques (Steindachner, 1882)","SPECIES",-29.654638,-57.092972,2354612
"5938110576","Caiman latirostris (Daudin, 1801)","SPECIES",-22.937822,-43.073424,5846511
"5938110596","Pontederia rotundifolia L.f.","SPECIES",-34.538547,-58.443664,2766055
"5938110674","Epilachna Chevrolat, 1836","GENUS",-25.387317,-48.978078,NA
"5938110733","Glaucidium nana (P.P.King, 1827)","SPECIES",-36.166658,-71.311582,5232138
"5938110757","Colubridae","FAMILY",-40.719545,-73.234042,NA
"5938110780","Athene cunicularia (Molina, 1782)","SPECIES",-35.456489,-58.789964,2497240
"5938110787","Patagioenas picazuro (Temminck, 1813)","SPECIES",-31.546703,-61.054375,2495287
"5938110817","Colaptes melanochloros (J.F.Gmelin, 1788)","SPECIES",-35.459397,-58.788014,2478272
"5938110834","Parabuteo unicinctus (Temminck, 1824)","SPECIES",-34.612507,-58.356169,2480410
"5938110935","Equisetum giganteum L.","SPECIES",-33.97773,-53.531397,7287808
"5938110949","Omophoita Chevrolat, 1836","GENUS",-23.512505,-46.764345,NA
"5938111179","Verrucosa meridionalis (Keyserling, 1892)","SPECIES",-22.950595,-43.485742,2160523
"5938111204","Polyachyrus poeppigii Kunze ex Less.","SPECIES",-32.239573,-71.514744,8183103
"5938111265","Coccoloba laevis Casar.","SPECIES",-5.447647,-35.302755,4038253
"5938111305","Euphorbia milii Des Moul.","SPECIES",-27.598316,-52.343638,3067157
"5938111484","Curaeus curaeus (Molina, 1782)","SPECIES",-33.637219,-70.545164,2484424
"5938111522","Gasteracantha cancriformis (Linnaeus, 1758)","SPECIES",4.542867,-73.931127,2158546
"5938112065","Epilachna Chevrolat, 1836","GENUS",-3.170283,-79.244652,NA
"5938112069","Scytodes fusca Walckenaer, 1837","SPECIES",-15.737629,-47.864714,5169044
"5938112078","Spheniscus magellanicus (J.R.Forster, 1781)","SPECIES",-54.905137,-67.37355,5229385
"5938112090","Abudefduf saxatilis (Linnaeus, 1758)","SPECIES",-8.963131,-35.166391,2398623
"5938112093","Cephalopholis cruentata (Lacepède, 1802)","SPECIES",12.227995,-69.092461,2388866
"5938112095","Podocarpus parlatorei Pilg.","SPECIES",-23.71782,-64.954058,5286126
"5938112096","Harmonia axyridis (Pallas, 1773)","SPECIES",-41.255005,-73.001656,4989904
"5938112098","Halichoeres radiatus (Linnaeus, 1758)","SPECIES",12.227955,-69.092139,2384111
"5938112103","Lepus europaeus Pallas, 1778","SPECIES",-50.965733,-72.864311,7952072
"5938112188","Leucanella viridescens Walker, 1855","SPECIES",-34.539937,-58.444062,1866838
"5938112198","Carpornis cucullata (Swainson, 1821)","SPECIES",-26.405634,-49.07418,2486392
"5938112208","Embothrium coccineum J.R.Forst. & G.Forst.","SPECIES",-51.095608,-72.983305,7124132
"5938112237","Daptrius Vieillot, 1816","GENUS",-51.048323,-73.012354,NA
"5938112253","Vireo chivi (Vieillot, 1817)","SPECIES",-34.538547,-58.443664,2487430
"5938112272","Dacryopinax elegans (Berk. & M.A.Curtis) G.W.Martin","SPECIES",-23.057411,-46.641176,2512963
"5938113384","Perumytilus purpuratus (Lamarck, 1819)","SPECIES",-34.425397,-72.044303,6788988
"5938113395","Gentianella rapunculoides (Willd. ex Schult.) J.S.Pringle","SPECIES",-2.797142,-79.270225,3840445
"5938113416","Sesuvium portulacastrum (L.) L.","SPECIES",12.541341,-69.958089,3084883
"5938114382","Polistes dominula (Christ, 1791)","SPECIES",-36.854769,-71.699832,5871389
"5938114424","Gavilea lutea (Comm. ex Pers.) M.N.Correa","SPECIES",-54.84758,-68.4861,2847886
"5938114431","Daptrius Vieillot, 1816","GENUS",6.501137,-75.7686,NA
"5938114449","Tropicosa thorelli (Keyserling, 1877)","SPECIES",4.751422,-73.927887,12216966
"5938115514","Molothrus bonariensis (Gmelin, 1789)","SPECIES",-34.58528,-58.393905,2484396
"5938115572","Vachellia tortuosa (L.) Seigler & Ebinger","SPECIES",12.260628,-69.122894,3795393
"5938115944","Dynamine postverta Cramer, 1782","SPECIES",-21.036393,-42.794253,1909128
"5938115980","Neolema Monrós, 1951","GENUS",-25.387313,-48.977833,NA
"5938116023","Aramides saracura (Spix, 1825)","SPECIES",-20.511583,-41.885608,2474658
"5938116028","Megascops choliba (Vieillot, 1817)","SPECIES",-23.63986,-46.86882,2497365
"5938116704","Aechmea nudicaulis (L.) Griseb.","SPECIES",-22.687797,-45.477818,2698486
"5938116734","Ara militaris (Linnaeus, 1766)","SPECIES",-21.439724,-64.143132,5959230
"5938116746","Vanzosaura multiscutata (Amaral, 1933)","SPECIES",-2.882215,-40.878151,10895170
"5938116807","Cyanophrys Clench, 1961","GENUS",-34.412988,-58.916533,NA
"5938116862","Tyrannus savana Vieillot, 1808","SPECIES",-31.659488,-64.428589,5229693
"5938116900","Rostrhamus sociabilis sociabilis (Vieillot, 1817)","SUBSPECIES",-29.882323,-50.241181,2480415
"5938116901","Tramea cophysa Hagen, 1867","SPECIES",-32.888412,-60.886456,1428486
"5938116915","Setophaga fusca (Statius Müller, 1776)","SPECIES",5.400788,-75.479585,6093199
"5938116998","Mutisia subulata Ruiz & Pav.","SPECIES",-33.117362,-71.616942,7336545
"5938116999","Chroicocephalus cirrocephalus (Vieillot, 1818)","SPECIES",-22.093339,-41.136865,6065820
"5938117028","Crotophaga major Gmelin, 1788","SPECIES",-3.222764,-59.996175,2496210
"5938117034","Ardea ibis Linnaeus, 1758","SPECIES",-18.80027,-41.896194,2480830
"5938117067","Athene cunicularia (Molina, 1782)","SPECIES",-27.848291,-48.587293,2497240
"5938117073","Holothele longipes (L.Koch, 1875)","SPECIES",10.685444,-61.756138,2153490
"5938117076","Asthenes baeri (Berlepsch, 1906)","SPECIES",-33.329871,-58.893664,5230102
"5938117078","Gomphomacromia paradoxa Brauer, 1864","SPECIES",-41.188847,-73.000222,1429757
"5938117229","Cheilomenes sexmaculata (Fabricius, 1781)","SPECIES",10.438304,-64.180363,1043321
"5938117257","Parabuteo unicinctus (Temminck, 1824)","SPECIES",-23.992689,-46.389539,2480410
"5938117258","Anthurium pentaphyllum (Aubl.) G.Don","SPECIES",-23.752945,-45.77897,2873047
"5938117279","Danaus erippus (Cramer, 1775)","SPECIES",-38.071663,-62.091191,5881400
"5938117333","Scoparia dulcis L.","SPECIES",-27.273786,-55.511063,3171787
"5938117339","Vanellus chilensis (Molina, 1782)","SPECIES",-50.325073,-72.269064,5229146
"5938117350","Thalia geniculata L.","SPECIES",-29.267779,-59.600741,5303044
"5938117353","Penelope purpurascens Wagler, 1830","SPECIES",-0.051997,-78.765336,2482225
"5938117383","Thalurania glaucopis (J.F.Gmelin, 1788)","SPECIES",-22.690506,-43.910625,2476548
"5938117464","Convolvulus arvensis L.","SPECIES",-31.637283,-71.171558,2928390
"5938117483","Crotophaga major Gmelin, 1788","SPECIES",8.820527,-71.464506,2496210
"5938117585","Psilopsiagon aymara (Orbigny, 1839)","SPECIES",-16.590934,-68.072227,2480027
"5938117590","Thaisella coronata (Lamarck, 1816)","SPECIES",5.288261,-52.58856,6499125
"5938117591","Anas platyrhynchos Linnaeus, 1758","SPECIES",-32.633339,-71.424338,9761484
"5938117623","Iguana iguana (Linnaeus, 1758)","SPECIES",3.366551,-76.548215,2459658
"5938117638","Obelophorus landbecki (Philippi, 1865)","SPECIES",-41.122914,-71.400699,1662472
"5938117658","Batus barbicornis (Linnaeus, 1764)","SPECIES",-6.446325,-76.351258,1134957
"5938117682","Syrigma sibilatrix (Temminck, 1824)","SPECIES",-31.473242,-64.19567,2480921
"5938117707","Lycalopex gymnocercus (G.Fischer, 1814)","SPECIES",-36.938088,-60.178491,2434333
